-- phpMyAdmin SQL Dump
-- version 5.2.1
-- https://www.phpmyadmin.net/
--
-- Servidor: 127.0.0.1
-- Tiempo de generación: 19-05-2025 a las 03:26:08
-- Versión del servidor: 10.4.32-MariaDB
-- Versión de PHP: 8.2.12

SET SQL_MODE = "NO_AUTO_VALUE_ON_ZERO";
START TRANSACTION;
SET time_zone = "+00:00";


/*!40101 SET @OLD_CHARACTER_SET_CLIENT=@@CHARACTER_SET_CLIENT */;
/*!40101 SET @OLD_CHARACTER_SET_RESULTS=@@CHARACTER_SET_RESULTS */;
/*!40101 SET @OLD_COLLATION_CONNECTION=@@COLLATION_CONNECTION */;
/*!40101 SET NAMES utf8mb4 */;

--
-- Base de datos: `idago`
--

-- --------------------------------------------------------

--
-- Estructura de tabla para la tabla `autobuses`
--

CREATE TABLE `autobuses` (
  `id` int(11) NOT NULL,
  `capacidad` int(11) NOT NULL,
  `modelo` varchar(100) DEFAULT NULL
) ENGINE=InnoDB DEFAULT CHARSET=utf8mb4 COLLATE=utf8mb4_general_ci;

--
-- Volcado de datos para la tabla `autobuses`
--

INSERT INTO `autobuses` (`id`, `capacidad`, `modelo`) VALUES
(1, 50, 'Autobús Estándar'),
(2, 50, 'Autobús Estándar'),
(3, 50, 'Autobús Estándar'),
(4, 50, 'Autobús Estándar'),
(5, 50, 'Autobús Estándar');

-- --------------------------------------------------------

--
-- Estructura de tabla para la tabla `ciudades`
--

CREATE TABLE `ciudades` (
  `id` int(11) NOT NULL,
  `nombre` varchar(100) NOT NULL
) ENGINE=InnoDB DEFAULT CHARSET=utf8mb4 COLLATE=utf8mb4_general_ci;

--
-- Volcado de datos para la tabla `ciudades`
--

INSERT INTO `ciudades` (`id`, `nombre`) VALUES
(1, 'Ciudad de México'),
(2, 'Guadalajara'),
(3, 'Monterrey'),
(4, 'Tijuana'),
(5, 'Cancún');

-- --------------------------------------------------------

--
-- Estructura de tabla para la tabla `comprador`
--

CREATE TABLE `comprador` (
  `IdCom` int(11) UNSIGNED NOT NULL,
  `Nombre` varchar(255) NOT NULL,
  `Email` varchar(255) NOT NULL,
  `Tarjeta` varchar(16) NOT NULL,
  `Fechaven` date NOT NULL,
  `Cvv` char(3) NOT NULL
) ENGINE=InnoDB DEFAULT CHARSET=utf8mb4 COLLATE=utf8mb4_general_ci;

--
-- Volcado de datos para la tabla `comprador`
--

INSERT INTO `comprador` (`IdCom`, `Nombre`, `Email`, `Tarjeta`, `Fechaven`, `Cvv`) VALUES
(1, 'Diego', 'diegod123@gmail.com', '1234567898', '0000-00-00', '123'),
(2, 'Alberto', 'andreamil@gmail.com', '8765432191', '0000-00-00', '888'),
(3, 'Andrea', 'andreamil@gmail.com', '12312312312', '0000-00-00', '999'),
(4, 'Hector ', 'hectorrin@gmail.com', '72839201122', '2029-05-01', '293'),
(5, 'Ruth', 'rutha777@gmail.com', '92738251233', '2031-04-01', '829');

-- --------------------------------------------------------

--
-- Estructura de tabla para la tabla `rutas`
--

CREATE TABLE `rutas` (
  `id` int(11) NOT NULL,
  `origen_id` int(11) DEFAULT NULL,
  `destino_id` int(11) DEFAULT NULL
) ENGINE=InnoDB DEFAULT CHARSET=utf8mb4 COLLATE=utf8mb4_general_ci;

--
-- Volcado de datos para la tabla `rutas`
--

INSERT INTO `rutas` (`id`, `origen_id`, `destino_id`) VALUES
(1, 1, 2),
(2, 1, 3),
(3, 2, 3),
(4, 3, 4),
(5, 4, 5),
(6, 1, 4),
(7, 1, 5),
(8, 2, 1),
(9, 2, 4),
(10, 2, 5),
(11, 3, 1),
(12, 3, 2),
(13, 3, 5),
(14, 4, 1),
(15, 4, 2),
(16, 4, 3),
(17, 5, 1),
(18, 5, 2),
(19, 5, 3),
(20, 5, 4);

-- --------------------------------------------------------

--
-- Estructura de tabla para la tabla `usuario`
--

CREATE TABLE `usuario` (
  `IdUser` int(11) UNSIGNED NOT NULL,
  `Email` varchar(255) NOT NULL,
  `Contraseña` varchar(255) NOT NULL
) ENGINE=InnoDB DEFAULT CHARSET=utf8mb4 COLLATE=utf8mb4_general_ci;

--
-- Volcado de datos para la tabla `usuario`
--

INSERT INTO `usuario` (`IdUser`, `Email`, `Contraseña`) VALUES
(1, 'hector.01@gmail.com', '$2b$10$TC4fLZZqfqNud3.JjaGnLuYu2ySqtKFypPRD7h88NS8qEQHezoy5O');

-- --------------------------------------------------------

--
-- Estructura de tabla para la tabla `viajes`
--

CREATE TABLE `viajes` (
  `id` int(11) NOT NULL,
  `ruta_id` int(11) DEFAULT NULL,
  `autobus_id` int(11) DEFAULT NULL,
  `fecha_ida` datetime DEFAULT NULL,
  `fecha_regreso` datetime DEFAULT NULL,
  `precio` decimal(10,2) NOT NULL
) ENGINE=InnoDB DEFAULT CHARSET=utf8mb4 COLLATE=utf8mb4_general_ci;

--
-- Volcado de datos para la tabla `viajes`
--

INSERT INTO `viajes` (`id`, `ruta_id`, `autobus_id`, `fecha_ida`, `fecha_regreso`, `precio`) VALUES
(1556, 1, 1, '2025-03-07 19:42:27', '2025-03-09 19:42:27', 600.00),
(1557, 1, 1, '2025-03-08 19:42:27', '2025-03-10 19:42:27', 600.00),
(1558, 1, 1, '2025-03-09 19:42:27', '2025-03-11 19:42:27', 600.00),
(1559, 1, 1, '2025-03-10 19:42:27', '2025-03-12 19:42:27', 600.00),
(1560, 1, 1, '2025-03-11 19:42:27', '2025-03-13 19:42:27', 600.00),
(1561, 1, 1, '2025-03-12 19:42:27', '2025-03-14 19:42:27', 600.00),
(1562, 1, 1, '2025-03-13 19:42:27', '2025-03-15 19:42:27', 600.00),
(1563, 1, 1, '2025-03-14 19:42:27', '2025-03-16 19:42:27', 600.00),
(1564, 1, 1, '2025-03-15 19:42:27', '2025-03-17 19:42:27', 600.00),
(1565, 1, 1, '2025-03-16 19:42:27', '2025-03-18 19:42:27', 600.00),
(1566, 1, 1, '2025-03-17 19:42:27', '2025-03-19 19:42:27', 600.00),
(1567, 1, 1, '2025-03-18 19:42:27', '2025-03-20 19:42:27', 600.00),
(1568, 1, 1, '2025-03-19 19:42:27', '2025-03-21 19:42:27', 600.00),
(1569, 1, 1, '2025-03-20 19:42:27', '2025-03-22 19:42:27', 600.00),
(1570, 1, 1, '2025-03-21 19:42:27', '2025-03-23 19:42:27', 600.00),
(1571, 1, 1, '2025-03-22 19:42:27', '2025-03-24 19:42:27', 600.00),
(1572, 1, 1, '2025-03-23 19:42:27', '2025-03-25 19:42:27', 600.00),
(1573, 1, 1, '2025-03-24 19:42:27', '2025-03-26 19:42:27', 600.00),
(1574, 1, 1, '2025-03-25 19:42:27', '2025-03-27 19:42:27', 600.00),
(1575, 1, 1, '2025-03-26 19:42:27', '2025-03-28 19:42:27', 600.00),
(1576, 1, 1, '2025-03-27 19:42:27', '2025-03-29 19:42:27', 600.00),
(1577, 1, 1, '2025-03-28 19:42:27', '2025-03-30 19:42:27', 600.00),
(1578, 1, 1, '2025-03-29 19:42:27', '2025-03-31 19:42:27', 600.00),
(1579, 1, 1, '2025-03-30 19:42:27', '2025-04-01 19:42:27', 600.00),
(1580, 1, 1, '2025-03-31 19:42:27', '2025-04-02 19:42:27', 600.00),
(1581, 1, 1, '2025-04-01 19:42:27', '2025-04-03 19:42:27', 600.00),
(1582, 1, 1, '2025-04-02 19:42:27', '2025-04-04 19:42:27', 600.00),
(1583, 1, 1, '2025-04-03 19:42:27', '2025-04-05 19:42:27', 600.00),
(1584, 1, 1, '2025-04-04 19:42:27', '2025-04-06 19:42:27', 600.00),
(1585, 1, 1, '2025-04-05 19:42:27', '2025-04-07 19:42:27', 600.00),
(1586, 1, 1, '2025-04-06 19:42:27', '2025-04-08 19:42:27', 600.00),
(1587, 1, 1, '2025-04-07 19:42:27', '2025-04-09 19:42:27', 600.00),
(1588, 1, 1, '2025-04-08 19:42:27', '2025-04-10 19:42:27', 600.00),
(1589, 1, 1, '2025-04-09 19:42:27', '2025-04-11 19:42:27', 600.00),
(1590, 1, 1, '2025-04-10 19:42:27', '2025-04-12 19:42:27', 600.00),
(1591, 1, 1, '2025-04-11 19:42:27', '2025-04-13 19:42:27', 600.00),
(1592, 1, 1, '2025-04-12 19:42:27', '2025-04-14 19:42:27', 600.00),
(1593, 1, 1, '2025-04-13 19:42:27', '2025-04-15 19:42:27', 600.00),
(1594, 1, 1, '2025-04-14 19:42:27', '2025-04-16 19:42:27', 600.00),
(1595, 1, 1, '2025-04-15 19:42:27', '2025-04-17 19:42:27', 600.00),
(1596, 1, 1, '2025-04-16 19:42:27', '2025-04-18 19:42:27', 600.00),
(1597, 1, 1, '2025-04-17 19:42:27', '2025-04-19 19:42:27', 600.00),
(1598, 1, 1, '2025-04-18 19:42:27', '2025-04-20 19:42:27', 600.00),
(1599, 1, 1, '2025-04-19 19:42:27', '2025-04-21 19:42:27', 600.00),
(1600, 1, 1, '2025-04-20 19:42:27', '2025-04-22 19:42:27', 600.00),
(1601, 1, 1, '2025-04-21 19:42:27', '2025-04-23 19:42:27', 600.00),
(1602, 1, 1, '2025-04-22 19:42:27', '2025-04-24 19:42:27', 600.00),
(1603, 1, 1, '2025-04-23 19:42:27', '2025-04-25 19:42:27', 600.00),
(1604, 1, 1, '2025-04-24 19:42:27', '2025-04-26 19:42:27', 600.00),
(1605, 1, 1, '2025-04-25 19:42:27', '2025-04-27 19:42:27', 600.00),
(1606, 1, 1, '2025-04-26 19:42:27', '2025-04-28 19:42:27', 600.00),
(1607, 1, 1, '2025-04-27 19:42:27', '2025-04-29 19:42:27', 600.00),
(1608, 1, 1, '2025-04-28 19:42:27', '2025-04-30 19:42:27', 600.00),
(1609, 1, 1, '2025-04-29 19:42:27', '2025-05-01 19:42:27', 600.00),
(1610, 1, 1, '2025-04-30 19:42:27', '2025-05-02 19:42:27', 600.00),
(1611, 1, 1, '2025-05-01 19:42:27', '2025-05-03 19:42:27', 600.00),
(1612, 1, 1, '2025-05-02 19:42:27', '2025-05-04 19:42:27', 600.00),
(1613, 1, 1, '2025-05-03 19:42:27', '2025-05-05 19:42:27', 600.00),
(1614, 1, 1, '2025-05-04 19:42:27', '2025-05-06 19:42:27', 600.00),
(1615, 1, 1, '2025-05-05 19:42:27', '2025-05-07 19:42:27', 600.00),
(1616, 1, 1, '2025-05-06 19:42:27', '2025-05-08 19:42:27', 600.00),
(1617, 1, 1, '2025-05-07 19:42:27', '2025-05-09 19:42:27', 600.00),
(1618, 2, 1, '2025-03-07 19:42:27', '2025-03-09 19:42:27', 600.00),
(1619, 2, 1, '2025-03-08 19:42:27', '2025-03-10 19:42:27', 600.00),
(1620, 2, 1, '2025-03-09 19:42:27', '2025-03-11 19:42:27', 600.00),
(1621, 2, 1, '2025-03-10 19:42:27', '2025-03-12 19:42:27', 600.00),
(1622, 2, 1, '2025-03-11 19:42:27', '2025-03-13 19:42:27', 600.00),
(1623, 2, 1, '2025-03-12 19:42:27', '2025-03-14 19:42:27', 600.00),
(1624, 2, 1, '2025-03-13 19:42:27', '2025-03-15 19:42:27', 600.00),
(1625, 2, 1, '2025-03-14 19:42:27', '2025-03-16 19:42:27', 600.00),
(1626, 2, 1, '2025-03-15 19:42:27', '2025-03-17 19:42:27', 600.00),
(1627, 2, 1, '2025-03-16 19:42:27', '2025-03-18 19:42:27', 600.00),
(1628, 2, 1, '2025-03-17 19:42:27', '2025-03-19 19:42:27', 600.00),
(1629, 2, 1, '2025-03-18 19:42:27', '2025-03-20 19:42:27', 600.00),
(1630, 2, 1, '2025-03-19 19:42:27', '2025-03-21 19:42:27', 600.00),
(1631, 2, 1, '2025-03-20 19:42:27', '2025-03-22 19:42:27', 600.00),
(1632, 2, 1, '2025-03-21 19:42:27', '2025-03-23 19:42:27', 600.00),
(1633, 2, 1, '2025-03-22 19:42:27', '2025-03-24 19:42:27', 600.00),
(1634, 2, 1, '2025-03-23 19:42:27', '2025-03-25 19:42:27', 600.00),
(1635, 2, 1, '2025-03-24 19:42:27', '2025-03-26 19:42:27', 600.00),
(1636, 2, 1, '2025-03-25 19:42:27', '2025-03-27 19:42:27', 600.00),
(1637, 2, 1, '2025-03-26 19:42:27', '2025-03-28 19:42:27', 600.00),
(1638, 2, 1, '2025-03-27 19:42:27', '2025-03-29 19:42:27', 600.00),
(1639, 2, 1, '2025-03-28 19:42:27', '2025-03-30 19:42:27', 600.00),
(1640, 2, 1, '2025-03-29 19:42:27', '2025-03-31 19:42:27', 600.00),
(1641, 2, 1, '2025-03-30 19:42:27', '2025-04-01 19:42:27', 600.00),
(1642, 2, 1, '2025-03-31 19:42:27', '2025-04-02 19:42:27', 600.00),
(1643, 2, 1, '2025-04-01 19:42:27', '2025-04-03 19:42:27', 600.00),
(1644, 2, 1, '2025-04-02 19:42:27', '2025-04-04 19:42:27', 600.00),
(1645, 2, 1, '2025-04-03 19:42:27', '2025-04-05 19:42:27', 600.00),
(1646, 2, 1, '2025-04-04 19:42:27', '2025-04-06 19:42:27', 600.00),
(1647, 2, 1, '2025-04-05 19:42:27', '2025-04-07 19:42:27', 600.00),
(1648, 2, 1, '2025-04-06 19:42:27', '2025-04-08 19:42:27', 600.00),
(1649, 2, 1, '2025-04-07 19:42:27', '2025-04-09 19:42:27', 600.00),
(1650, 2, 1, '2025-04-08 19:42:27', '2025-04-10 19:42:27', 600.00),
(1651, 2, 1, '2025-04-09 19:42:27', '2025-04-11 19:42:27', 600.00),
(1652, 2, 1, '2025-04-10 19:42:27', '2025-04-12 19:42:27', 600.00),
(1653, 2, 1, '2025-04-11 19:42:27', '2025-04-13 19:42:27', 600.00),
(1654, 2, 1, '2025-04-12 19:42:27', '2025-04-14 19:42:27', 600.00),
(1655, 2, 1, '2025-04-13 19:42:27', '2025-04-15 19:42:27', 600.00),
(1656, 2, 1, '2025-04-14 19:42:27', '2025-04-16 19:42:27', 600.00),
(1657, 2, 1, '2025-04-15 19:42:27', '2025-04-17 19:42:27', 600.00),
(1658, 2, 1, '2025-04-16 19:42:27', '2025-04-18 19:42:27', 600.00),
(1659, 2, 1, '2025-04-17 19:42:27', '2025-04-19 19:42:27', 600.00),
(1660, 2, 1, '2025-04-18 19:42:27', '2025-04-20 19:42:27', 600.00),
(1661, 2, 1, '2025-04-19 19:42:27', '2025-04-21 19:42:27', 600.00),
(1662, 2, 1, '2025-04-20 19:42:27', '2025-04-22 19:42:27', 600.00),
(1663, 2, 1, '2025-04-21 19:42:27', '2025-04-23 19:42:27', 600.00),
(1664, 2, 1, '2025-04-22 19:42:27', '2025-04-24 19:42:27', 600.00),
(1665, 2, 1, '2025-04-23 19:42:27', '2025-04-25 19:42:27', 600.00),
(1666, 2, 1, '2025-04-24 19:42:27', '2025-04-26 19:42:27', 600.00),
(1667, 2, 1, '2025-04-25 19:42:27', '2025-04-27 19:42:27', 600.00),
(1668, 2, 1, '2025-04-26 19:42:27', '2025-04-28 19:42:27', 600.00),
(1669, 2, 1, '2025-04-27 19:42:27', '2025-04-29 19:42:27', 600.00),
(1670, 2, 1, '2025-04-28 19:42:27', '2025-04-30 19:42:27', 600.00),
(1671, 2, 1, '2025-04-29 19:42:27', '2025-05-01 19:42:27', 600.00),
(1672, 2, 1, '2025-04-30 19:42:27', '2025-05-02 19:42:27', 600.00),
(1673, 2, 1, '2025-05-01 19:42:27', '2025-05-03 19:42:27', 600.00),
(1674, 2, 1, '2025-05-02 19:42:27', '2025-05-04 19:42:27', 600.00),
(1675, 2, 1, '2025-05-03 19:42:27', '2025-05-05 19:42:27', 600.00),
(1676, 2, 1, '2025-05-04 19:42:27', '2025-05-06 19:42:27', 600.00),
(1677, 2, 1, '2025-05-05 19:42:27', '2025-05-07 19:42:27', 600.00),
(1678, 2, 1, '2025-05-06 19:42:27', '2025-05-08 19:42:27', 600.00),
(1679, 2, 1, '2025-05-07 19:42:27', '2025-05-09 19:42:27', 600.00),
(1680, 6, 1, '2025-03-07 19:42:27', '2025-03-09 19:42:27', 600.00),
(1681, 6, 1, '2025-03-08 19:42:27', '2025-03-10 19:42:27', 600.00),
(1682, 6, 1, '2025-03-09 19:42:27', '2025-03-11 19:42:27', 600.00),
(1683, 6, 1, '2025-03-10 19:42:27', '2025-03-12 19:42:27', 600.00),
(1684, 6, 1, '2025-03-11 19:42:27', '2025-03-13 19:42:27', 600.00),
(1685, 6, 1, '2025-03-12 19:42:27', '2025-03-14 19:42:27', 600.00),
(1686, 6, 1, '2025-03-13 19:42:27', '2025-03-15 19:42:27', 600.00),
(1687, 6, 1, '2025-03-14 19:42:27', '2025-03-16 19:42:27', 600.00),
(1688, 6, 1, '2025-03-15 19:42:27', '2025-03-17 19:42:27', 600.00),
(1689, 6, 1, '2025-03-16 19:42:27', '2025-03-18 19:42:27', 600.00),
(1690, 6, 1, '2025-03-17 19:42:27', '2025-03-19 19:42:27', 600.00),
(1691, 6, 1, '2025-03-18 19:42:27', '2025-03-20 19:42:27', 600.00),
(1692, 6, 1, '2025-03-19 19:42:27', '2025-03-21 19:42:27', 600.00),
(1693, 6, 1, '2025-03-20 19:42:27', '2025-03-22 19:42:27', 600.00),
(1694, 6, 1, '2025-03-21 19:42:27', '2025-03-23 19:42:27', 600.00),
(1695, 6, 1, '2025-03-22 19:42:27', '2025-03-24 19:42:27', 600.00),
(1696, 6, 1, '2025-03-23 19:42:27', '2025-03-25 19:42:27', 600.00),
(1697, 6, 1, '2025-03-24 19:42:27', '2025-03-26 19:42:27', 600.00),
(1698, 6, 1, '2025-03-25 19:42:27', '2025-03-27 19:42:27', 600.00),
(1699, 6, 1, '2025-03-26 19:42:27', '2025-03-28 19:42:27', 600.00),
(1700, 6, 1, '2025-03-27 19:42:27', '2025-03-29 19:42:27', 600.00),
(1701, 6, 1, '2025-03-28 19:42:27', '2025-03-30 19:42:27', 600.00),
(1702, 6, 1, '2025-03-29 19:42:27', '2025-03-31 19:42:27', 600.00),
(1703, 6, 1, '2025-03-30 19:42:27', '2025-04-01 19:42:27', 600.00),
(1704, 6, 1, '2025-03-31 19:42:27', '2025-04-02 19:42:27', 600.00),
(1705, 6, 1, '2025-04-01 19:42:27', '2025-04-03 19:42:27', 600.00),
(1706, 6, 1, '2025-04-02 19:42:27', '2025-04-04 19:42:27', 600.00),
(1707, 6, 1, '2025-04-03 19:42:27', '2025-04-05 19:42:27', 600.00),
(1708, 6, 1, '2025-04-04 19:42:27', '2025-04-06 19:42:27', 600.00),
(1709, 6, 1, '2025-04-05 19:42:27', '2025-04-07 19:42:27', 600.00),
(1710, 6, 1, '2025-04-06 19:42:27', '2025-04-08 19:42:27', 600.00),
(1711, 6, 1, '2025-04-07 19:42:27', '2025-04-09 19:42:27', 600.00),
(1712, 6, 1, '2025-04-08 19:42:27', '2025-04-10 19:42:27', 600.00),
(1713, 6, 1, '2025-04-09 19:42:27', '2025-04-11 19:42:27', 600.00),
(1714, 6, 1, '2025-04-10 19:42:27', '2025-04-12 19:42:27', 600.00),
(1715, 6, 1, '2025-04-11 19:42:27', '2025-04-13 19:42:27', 600.00),
(1716, 6, 1, '2025-04-12 19:42:27', '2025-04-14 19:42:27', 600.00),
(1717, 6, 1, '2025-04-13 19:42:27', '2025-04-15 19:42:27', 600.00),
(1718, 6, 1, '2025-04-14 19:42:27', '2025-04-16 19:42:27', 600.00),
(1719, 6, 1, '2025-04-15 19:42:27', '2025-04-17 19:42:27', 600.00),
(1720, 6, 1, '2025-04-16 19:42:27', '2025-04-18 19:42:27', 600.00),
(1721, 6, 1, '2025-04-17 19:42:27', '2025-04-19 19:42:27', 600.00),
(1722, 6, 1, '2025-04-18 19:42:27', '2025-04-20 19:42:27', 600.00),
(1723, 6, 1, '2025-04-19 19:42:27', '2025-04-21 19:42:27', 600.00),
(1724, 6, 1, '2025-04-20 19:42:27', '2025-04-22 19:42:27', 600.00),
(1725, 6, 1, '2025-04-21 19:42:27', '2025-04-23 19:42:27', 600.00),
(1726, 6, 1, '2025-04-22 19:42:27', '2025-04-24 19:42:27', 600.00),
(1727, 6, 1, '2025-04-23 19:42:27', '2025-04-25 19:42:27', 600.00),
(1728, 6, 1, '2025-04-24 19:42:27', '2025-04-26 19:42:27', 600.00),
(1729, 6, 1, '2025-04-25 19:42:27', '2025-04-27 19:42:27', 600.00),
(1730, 6, 1, '2025-04-26 19:42:27', '2025-04-28 19:42:27', 600.00),
(1731, 6, 1, '2025-04-27 19:42:27', '2025-04-29 19:42:27', 600.00),
(1732, 6, 1, '2025-04-28 19:42:27', '2025-04-30 19:42:27', 600.00),
(1733, 6, 1, '2025-04-29 19:42:27', '2025-05-01 19:42:27', 600.00),
(1734, 6, 1, '2025-04-30 19:42:27', '2025-05-02 19:42:27', 600.00),
(1735, 6, 1, '2025-05-01 19:42:27', '2025-05-03 19:42:27', 600.00),
(1736, 6, 1, '2025-05-02 19:42:27', '2025-05-04 19:42:27', 600.00),
(1737, 6, 1, '2025-05-03 19:42:27', '2025-05-05 19:42:27', 600.00),
(1738, 6, 1, '2025-05-04 19:42:27', '2025-05-06 19:42:27', 600.00),
(1739, 6, 1, '2025-05-05 19:42:27', '2025-05-07 19:42:27', 600.00),
(1740, 6, 1, '2025-05-06 19:42:27', '2025-05-08 19:42:27', 600.00),
(1741, 6, 1, '2025-05-07 19:42:27', '2025-05-09 19:42:27', 600.00),
(1742, 7, 1, '2025-03-07 19:42:27', '2025-03-09 19:42:27', 600.00),
(1743, 7, 1, '2025-03-08 19:42:27', '2025-03-10 19:42:27', 600.00),
(1744, 7, 1, '2025-03-09 19:42:27', '2025-03-11 19:42:27', 600.00),
(1745, 7, 1, '2025-03-10 19:42:27', '2025-03-12 19:42:27', 600.00),
(1746, 7, 1, '2025-03-11 19:42:27', '2025-03-13 19:42:27', 600.00),
(1747, 7, 1, '2025-03-12 19:42:27', '2025-03-14 19:42:27', 600.00),
(1748, 7, 1, '2025-03-13 19:42:27', '2025-03-15 19:42:27', 600.00),
(1749, 7, 1, '2025-03-14 19:42:27', '2025-03-16 19:42:27', 600.00),
(1750, 7, 1, '2025-03-15 19:42:27', '2025-03-17 19:42:27', 600.00),
(1751, 7, 1, '2025-03-16 19:42:27', '2025-03-18 19:42:27', 600.00),
(1752, 7, 1, '2025-03-17 19:42:27', '2025-03-19 19:42:27', 600.00),
(1753, 7, 1, '2025-03-18 19:42:27', '2025-03-20 19:42:27', 600.00),
(1754, 7, 1, '2025-03-19 19:42:27', '2025-03-21 19:42:27', 600.00),
(1755, 7, 1, '2025-03-20 19:42:27', '2025-03-22 19:42:27', 600.00),
(1756, 7, 1, '2025-03-21 19:42:27', '2025-03-23 19:42:27', 600.00),
(1757, 7, 1, '2025-03-22 19:42:27', '2025-03-24 19:42:27', 600.00),
(1758, 7, 1, '2025-03-23 19:42:27', '2025-03-25 19:42:27', 600.00),
(1759, 7, 1, '2025-03-24 19:42:27', '2025-03-26 19:42:27', 600.00),
(1760, 7, 1, '2025-03-25 19:42:27', '2025-03-27 19:42:27', 600.00),
(1761, 7, 1, '2025-03-26 19:42:27', '2025-03-28 19:42:27', 600.00),
(1762, 7, 1, '2025-03-27 19:42:27', '2025-03-29 19:42:27', 600.00),
(1763, 7, 1, '2025-03-28 19:42:27', '2025-03-30 19:42:27', 600.00),
(1764, 7, 1, '2025-03-29 19:42:27', '2025-03-31 19:42:27', 600.00),
(1765, 7, 1, '2025-03-30 19:42:27', '2025-04-01 19:42:27', 600.00),
(1766, 7, 1, '2025-03-31 19:42:27', '2025-04-02 19:42:27', 600.00),
(1767, 7, 1, '2025-04-01 19:42:27', '2025-04-03 19:42:27', 600.00),
(1768, 7, 1, '2025-04-02 19:42:27', '2025-04-04 19:42:27', 600.00),
(1769, 7, 1, '2025-04-03 19:42:27', '2025-04-05 19:42:27', 600.00),
(1770, 7, 1, '2025-04-04 19:42:27', '2025-04-06 19:42:27', 600.00),
(1771, 7, 1, '2025-04-05 19:42:27', '2025-04-07 19:42:27', 600.00),
(1772, 7, 1, '2025-04-06 19:42:27', '2025-04-08 19:42:27', 600.00),
(1773, 7, 1, '2025-04-07 19:42:27', '2025-04-09 19:42:27', 600.00),
(1774, 7, 1, '2025-04-08 19:42:27', '2025-04-10 19:42:27', 600.00),
(1775, 7, 1, '2025-04-09 19:42:27', '2025-04-11 19:42:27', 600.00),
(1776, 7, 1, '2025-04-10 19:42:27', '2025-04-12 19:42:27', 600.00),
(1777, 7, 1, '2025-04-11 19:42:27', '2025-04-13 19:42:27', 600.00),
(1778, 7, 1, '2025-04-12 19:42:27', '2025-04-14 19:42:27', 600.00),
(1779, 7, 1, '2025-04-13 19:42:27', '2025-04-15 19:42:27', 600.00),
(1780, 7, 1, '2025-04-14 19:42:27', '2025-04-16 19:42:27', 600.00),
(1781, 7, 1, '2025-04-15 19:42:27', '2025-04-17 19:42:27', 600.00),
(1782, 7, 1, '2025-04-16 19:42:27', '2025-04-18 19:42:27', 600.00),
(1783, 7, 1, '2025-04-17 19:42:27', '2025-04-19 19:42:27', 600.00),
(1784, 7, 1, '2025-04-18 19:42:27', '2025-04-20 19:42:27', 600.00),
(1785, 7, 1, '2025-04-19 19:42:27', '2025-04-21 19:42:27', 600.00),
(1786, 7, 1, '2025-04-20 19:42:27', '2025-04-22 19:42:27', 600.00),
(1787, 7, 1, '2025-04-21 19:42:27', '2025-04-23 19:42:27', 600.00),
(1788, 7, 1, '2025-04-22 19:42:27', '2025-04-24 19:42:27', 600.00),
(1789, 7, 1, '2025-04-23 19:42:27', '2025-04-25 19:42:27', 600.00),
(1790, 7, 1, '2025-04-24 19:42:27', '2025-04-26 19:42:27', 600.00),
(1791, 7, 1, '2025-04-25 19:42:27', '2025-04-27 19:42:27', 600.00),
(1792, 7, 1, '2025-04-26 19:42:27', '2025-04-28 19:42:27', 600.00),
(1793, 7, 1, '2025-04-27 19:42:27', '2025-04-29 19:42:27', 600.00),
(1794, 7, 1, '2025-04-28 19:42:27', '2025-04-30 19:42:27', 600.00),
(1795, 7, 1, '2025-04-29 19:42:27', '2025-05-01 19:42:27', 600.00),
(1796, 7, 1, '2025-04-30 19:42:27', '2025-05-02 19:42:27', 600.00),
(1797, 7, 1, '2025-05-01 19:42:27', '2025-05-03 19:42:27', 600.00),
(1798, 7, 1, '2025-05-02 19:42:27', '2025-05-04 19:42:27', 600.00),
(1799, 7, 1, '2025-05-03 19:42:27', '2025-05-05 19:42:27', 600.00),
(1800, 7, 1, '2025-05-04 19:42:27', '2025-05-06 19:42:27', 600.00),
(1801, 7, 1, '2025-05-05 19:42:27', '2025-05-07 19:42:27', 600.00),
(1802, 7, 1, '2025-05-06 19:42:27', '2025-05-08 19:42:27', 600.00),
(1803, 7, 1, '2025-05-07 19:42:27', '2025-05-09 19:42:27', 600.00),
(1804, 3, 1, '2025-03-07 19:42:27', '2025-03-09 19:42:27', 600.00),
(1805, 3, 1, '2025-03-08 19:42:27', '2025-03-10 19:42:27', 600.00),
(1806, 3, 1, '2025-03-09 19:42:27', '2025-03-11 19:42:27', 600.00),
(1807, 3, 1, '2025-03-10 19:42:27', '2025-03-12 19:42:27', 600.00),
(1808, 3, 1, '2025-03-11 19:42:27', '2025-03-13 19:42:27', 600.00),
(1809, 3, 1, '2025-03-12 19:42:27', '2025-03-14 19:42:27', 600.00),
(1810, 3, 1, '2025-03-13 19:42:27', '2025-03-15 19:42:27', 600.00),
(1811, 3, 1, '2025-03-14 19:42:27', '2025-03-16 19:42:27', 600.00),
(1812, 3, 1, '2025-03-15 19:42:27', '2025-03-17 19:42:27', 600.00),
(1813, 3, 1, '2025-03-16 19:42:27', '2025-03-18 19:42:27', 600.00),
(1814, 3, 1, '2025-03-17 19:42:27', '2025-03-19 19:42:27', 600.00),
(1815, 3, 1, '2025-03-18 19:42:27', '2025-03-20 19:42:27', 600.00),
(1816, 3, 1, '2025-03-19 19:42:27', '2025-03-21 19:42:27', 600.00),
(1817, 3, 1, '2025-03-20 19:42:27', '2025-03-22 19:42:27', 600.00),
(1818, 3, 1, '2025-03-21 19:42:27', '2025-03-23 19:42:27', 600.00),
(1819, 3, 1, '2025-03-22 19:42:27', '2025-03-24 19:42:27', 600.00),
(1820, 3, 1, '2025-03-23 19:42:27', '2025-03-25 19:42:27', 600.00),
(1821, 3, 1, '2025-03-24 19:42:27', '2025-03-26 19:42:27', 600.00),
(1822, 3, 1, '2025-03-25 19:42:27', '2025-03-27 19:42:27', 600.00),
(1823, 3, 1, '2025-03-26 19:42:27', '2025-03-28 19:42:27', 600.00),
(1824, 3, 1, '2025-03-27 19:42:27', '2025-03-29 19:42:27', 600.00),
(1825, 3, 1, '2025-03-28 19:42:27', '2025-03-30 19:42:27', 600.00),
(1826, 3, 1, '2025-03-29 19:42:27', '2025-03-31 19:42:27', 600.00),
(1827, 3, 1, '2025-03-30 19:42:27', '2025-04-01 19:42:27', 600.00),
(1828, 3, 1, '2025-03-31 19:42:27', '2025-04-02 19:42:27', 600.00),
(1829, 3, 1, '2025-04-01 19:42:27', '2025-04-03 19:42:27', 600.00),
(1830, 3, 1, '2025-04-02 19:42:27', '2025-04-04 19:42:27', 600.00),
(1831, 3, 1, '2025-04-03 19:42:27', '2025-04-05 19:42:27', 600.00),
(1832, 3, 1, '2025-04-04 19:42:27', '2025-04-06 19:42:27', 600.00),
(1833, 3, 1, '2025-04-05 19:42:27', '2025-04-07 19:42:27', 600.00),
(1834, 3, 1, '2025-04-06 19:42:27', '2025-04-08 19:42:27', 600.00),
(1835, 3, 1, '2025-04-07 19:42:27', '2025-04-09 19:42:27', 600.00),
(1836, 3, 1, '2025-04-08 19:42:27', '2025-04-10 19:42:27', 600.00),
(1837, 3, 1, '2025-04-09 19:42:27', '2025-04-11 19:42:27', 600.00),
(1838, 3, 1, '2025-04-10 19:42:27', '2025-04-12 19:42:27', 600.00),
(1839, 3, 1, '2025-04-11 19:42:27', '2025-04-13 19:42:27', 600.00),
(1840, 3, 1, '2025-04-12 19:42:27', '2025-04-14 19:42:27', 600.00),
(1841, 3, 1, '2025-04-13 19:42:27', '2025-04-15 19:42:27', 600.00),
(1842, 3, 1, '2025-04-14 19:42:27', '2025-04-16 19:42:27', 600.00),
(1843, 3, 1, '2025-04-15 19:42:27', '2025-04-17 19:42:27', 600.00),
(1844, 3, 1, '2025-04-16 19:42:27', '2025-04-18 19:42:27', 600.00),
(1845, 3, 1, '2025-04-17 19:42:27', '2025-04-19 19:42:27', 600.00),
(1846, 3, 1, '2025-04-18 19:42:27', '2025-04-20 19:42:27', 600.00),
(1847, 3, 1, '2025-04-19 19:42:27', '2025-04-21 19:42:27', 600.00),
(1848, 3, 1, '2025-04-20 19:42:27', '2025-04-22 19:42:27', 600.00),
(1849, 3, 1, '2025-04-21 19:42:27', '2025-04-23 19:42:27', 600.00),
(1850, 3, 1, '2025-04-22 19:42:27', '2025-04-24 19:42:27', 600.00),
(1851, 3, 1, '2025-04-23 19:42:27', '2025-04-25 19:42:27', 600.00),
(1852, 3, 1, '2025-04-24 19:42:27', '2025-04-26 19:42:27', 600.00),
(1853, 3, 1, '2025-04-25 19:42:27', '2025-04-27 19:42:27', 600.00),
(1854, 3, 1, '2025-04-26 19:42:27', '2025-04-28 19:42:27', 600.00),
(1855, 3, 1, '2025-04-27 19:42:27', '2025-04-29 19:42:27', 600.00),
(1856, 3, 1, '2025-04-28 19:42:27', '2025-04-30 19:42:27', 600.00),
(1857, 3, 1, '2025-04-29 19:42:27', '2025-05-01 19:42:27', 600.00),
(1858, 3, 1, '2025-04-30 19:42:27', '2025-05-02 19:42:27', 600.00),
(1859, 3, 1, '2025-05-01 19:42:27', '2025-05-03 19:42:27', 600.00),
(1860, 3, 1, '2025-05-02 19:42:27', '2025-05-04 19:42:27', 600.00),
(1861, 3, 1, '2025-05-03 19:42:27', '2025-05-05 19:42:27', 600.00),
(1862, 3, 1, '2025-05-04 19:42:27', '2025-05-06 19:42:27', 600.00),
(1863, 3, 1, '2025-05-05 19:42:27', '2025-05-07 19:42:27', 600.00),
(1864, 3, 1, '2025-05-06 19:42:27', '2025-05-08 19:42:27', 600.00),
(1865, 3, 1, '2025-05-07 19:42:27', '2025-05-09 19:42:27', 600.00),
(1866, 8, 1, '2025-03-07 19:42:27', '2025-03-09 19:42:27', 600.00),
(1867, 8, 1, '2025-03-08 19:42:27', '2025-03-10 19:42:27', 600.00),
(1868, 8, 1, '2025-03-09 19:42:27', '2025-03-11 19:42:27', 600.00),
(1869, 8, 1, '2025-03-10 19:42:27', '2025-03-12 19:42:27', 600.00),
(1870, 8, 1, '2025-03-11 19:42:27', '2025-03-13 19:42:27', 600.00),
(1871, 8, 1, '2025-03-12 19:42:27', '2025-03-14 19:42:27', 600.00),
(1872, 8, 1, '2025-03-13 19:42:27', '2025-03-15 19:42:27', 600.00),
(1873, 8, 1, '2025-03-14 19:42:27', '2025-03-16 19:42:27', 600.00),
(1874, 8, 1, '2025-03-15 19:42:27', '2025-03-17 19:42:27', 600.00),
(1875, 8, 1, '2025-03-16 19:42:27', '2025-03-18 19:42:27', 600.00),
(1876, 8, 1, '2025-03-17 19:42:27', '2025-03-19 19:42:27', 600.00),
(1877, 8, 1, '2025-03-18 19:42:27', '2025-03-20 19:42:27', 600.00),
(1878, 8, 1, '2025-03-19 19:42:27', '2025-03-21 19:42:27', 600.00),
(1879, 8, 1, '2025-03-20 19:42:27', '2025-03-22 19:42:27', 600.00),
(1880, 8, 1, '2025-03-21 19:42:27', '2025-03-23 19:42:27', 600.00),
(1881, 8, 1, '2025-03-22 19:42:27', '2025-03-24 19:42:27', 600.00),
(1882, 8, 1, '2025-03-23 19:42:27', '2025-03-25 19:42:27', 600.00),
(1883, 8, 1, '2025-03-24 19:42:27', '2025-03-26 19:42:27', 600.00),
(1884, 8, 1, '2025-03-25 19:42:27', '2025-03-27 19:42:27', 600.00),
(1885, 8, 1, '2025-03-26 19:42:27', '2025-03-28 19:42:27', 600.00),
(1886, 8, 1, '2025-03-27 19:42:27', '2025-03-29 19:42:27', 600.00),
(1887, 8, 1, '2025-03-28 19:42:27', '2025-03-30 19:42:27', 600.00),
(1888, 8, 1, '2025-03-29 19:42:27', '2025-03-31 19:42:27', 600.00),
(1889, 8, 1, '2025-03-30 19:42:27', '2025-04-01 19:42:27', 600.00),
(1890, 8, 1, '2025-03-31 19:42:27', '2025-04-02 19:42:27', 600.00),
(1891, 8, 1, '2025-04-01 19:42:27', '2025-04-03 19:42:27', 600.00),
(1892, 8, 1, '2025-04-02 19:42:27', '2025-04-04 19:42:27', 600.00),
(1893, 8, 1, '2025-04-03 19:42:27', '2025-04-05 19:42:27', 600.00),
(1894, 8, 1, '2025-04-04 19:42:27', '2025-04-06 19:42:27', 600.00),
(1895, 8, 1, '2025-04-05 19:42:27', '2025-04-07 19:42:27', 600.00),
(1896, 8, 1, '2025-04-06 19:42:27', '2025-04-08 19:42:27', 600.00),
(1897, 8, 1, '2025-04-07 19:42:27', '2025-04-09 19:42:27', 600.00),
(1898, 8, 1, '2025-04-08 19:42:27', '2025-04-10 19:42:27', 600.00),
(1899, 8, 1, '2025-04-09 19:42:27', '2025-04-11 19:42:27', 600.00),
(1900, 8, 1, '2025-04-10 19:42:27', '2025-04-12 19:42:27', 600.00),
(1901, 8, 1, '2025-04-11 19:42:27', '2025-04-13 19:42:27', 600.00),
(1902, 8, 1, '2025-04-12 19:42:27', '2025-04-14 19:42:27', 600.00),
(1903, 8, 1, '2025-04-13 19:42:27', '2025-04-15 19:42:27', 600.00),
(1904, 8, 1, '2025-04-14 19:42:27', '2025-04-16 19:42:27', 600.00),
(1905, 8, 1, '2025-04-15 19:42:27', '2025-04-17 19:42:27', 600.00),
(1906, 8, 1, '2025-04-16 19:42:27', '2025-04-18 19:42:27', 600.00),
(1907, 8, 1, '2025-04-17 19:42:27', '2025-04-19 19:42:27', 600.00),
(1908, 8, 1, '2025-04-18 19:42:27', '2025-04-20 19:42:27', 600.00),
(1909, 8, 1, '2025-04-19 19:42:27', '2025-04-21 19:42:27', 600.00),
(1910, 8, 1, '2025-04-20 19:42:27', '2025-04-22 19:42:27', 600.00),
(1911, 8, 1, '2025-04-21 19:42:27', '2025-04-23 19:42:27', 600.00),
(1912, 8, 1, '2025-04-22 19:42:27', '2025-04-24 19:42:27', 600.00),
(1913, 8, 1, '2025-04-23 19:42:27', '2025-04-25 19:42:27', 600.00),
(1914, 8, 1, '2025-04-24 19:42:27', '2025-04-26 19:42:27', 600.00),
(1915, 8, 1, '2025-04-25 19:42:27', '2025-04-27 19:42:27', 600.00),
(1916, 8, 1, '2025-04-26 19:42:27', '2025-04-28 19:42:27', 600.00),
(1917, 8, 1, '2025-04-27 19:42:27', '2025-04-29 19:42:27', 600.00),
(1918, 8, 1, '2025-04-28 19:42:27', '2025-04-30 19:42:27', 600.00),
(1919, 8, 1, '2025-04-29 19:42:27', '2025-05-01 19:42:27', 600.00),
(1920, 8, 1, '2025-04-30 19:42:27', '2025-05-02 19:42:27', 600.00),
(1921, 8, 1, '2025-05-01 19:42:27', '2025-05-03 19:42:27', 600.00),
(1922, 8, 1, '2025-05-02 19:42:27', '2025-05-04 19:42:27', 600.00),
(1923, 8, 1, '2025-05-03 19:42:27', '2025-05-05 19:42:27', 600.00),
(1924, 8, 1, '2025-05-04 19:42:27', '2025-05-06 19:42:27', 600.00),
(1925, 8, 1, '2025-05-05 19:42:27', '2025-05-07 19:42:27', 600.00),
(1926, 8, 1, '2025-05-06 19:42:27', '2025-05-08 19:42:27', 600.00),
(1927, 8, 1, '2025-05-07 19:42:27', '2025-05-09 19:42:27', 600.00),
(1928, 9, 1, '2025-03-07 19:42:27', '2025-03-09 19:42:27', 600.00),
(1929, 9, 1, '2025-03-08 19:42:27', '2025-03-10 19:42:27', 600.00),
(1930, 9, 1, '2025-03-09 19:42:27', '2025-03-11 19:42:27', 600.00),
(1931, 9, 1, '2025-03-10 19:42:27', '2025-03-12 19:42:27', 600.00),
(1932, 9, 1, '2025-03-11 19:42:27', '2025-03-13 19:42:27', 600.00),
(1933, 9, 1, '2025-03-12 19:42:27', '2025-03-14 19:42:27', 600.00),
(1934, 9, 1, '2025-03-13 19:42:27', '2025-03-15 19:42:27', 600.00),
(1935, 9, 1, '2025-03-14 19:42:27', '2025-03-16 19:42:27', 600.00),
(1936, 9, 1, '2025-03-15 19:42:27', '2025-03-17 19:42:27', 600.00),
(1937, 9, 1, '2025-03-16 19:42:27', '2025-03-18 19:42:27', 600.00),
(1938, 9, 1, '2025-03-17 19:42:27', '2025-03-19 19:42:27', 600.00),
(1939, 9, 1, '2025-03-18 19:42:27', '2025-03-20 19:42:27', 600.00),
(1940, 9, 1, '2025-03-19 19:42:27', '2025-03-21 19:42:27', 600.00),
(1941, 9, 1, '2025-03-20 19:42:27', '2025-03-22 19:42:27', 600.00),
(1942, 9, 1, '2025-03-21 19:42:27', '2025-03-23 19:42:27', 600.00),
(1943, 9, 1, '2025-03-22 19:42:27', '2025-03-24 19:42:27', 600.00),
(1944, 9, 1, '2025-03-23 19:42:27', '2025-03-25 19:42:27', 600.00),
(1945, 9, 1, '2025-03-24 19:42:27', '2025-03-26 19:42:27', 600.00),
(1946, 9, 1, '2025-03-25 19:42:27', '2025-03-27 19:42:27', 600.00),
(1947, 9, 1, '2025-03-26 19:42:27', '2025-03-28 19:42:27', 600.00),
(1948, 9, 1, '2025-03-27 19:42:27', '2025-03-29 19:42:27', 600.00),
(1949, 9, 1, '2025-03-28 19:42:27', '2025-03-30 19:42:27', 600.00),
(1950, 9, 1, '2025-03-29 19:42:27', '2025-03-31 19:42:27', 600.00),
(1951, 9, 1, '2025-03-30 19:42:27', '2025-04-01 19:42:27', 600.00),
(1952, 9, 1, '2025-03-31 19:42:27', '2025-04-02 19:42:27', 600.00),
(1953, 9, 1, '2025-04-01 19:42:27', '2025-04-03 19:42:27', 600.00),
(1954, 9, 1, '2025-04-02 19:42:27', '2025-04-04 19:42:27', 600.00),
(1955, 9, 1, '2025-04-03 19:42:27', '2025-04-05 19:42:27', 600.00),
(1956, 9, 1, '2025-04-04 19:42:27', '2025-04-06 19:42:27', 600.00),
(1957, 9, 1, '2025-04-05 19:42:27', '2025-04-07 19:42:27', 600.00),
(1958, 9, 1, '2025-04-06 19:42:27', '2025-04-08 19:42:27', 600.00),
(1959, 9, 1, '2025-04-07 19:42:27', '2025-04-09 19:42:27', 600.00),
(1960, 9, 1, '2025-04-08 19:42:27', '2025-04-10 19:42:27', 600.00),
(1961, 9, 1, '2025-04-09 19:42:27', '2025-04-11 19:42:27', 600.00),
(1962, 9, 1, '2025-04-10 19:42:27', '2025-04-12 19:42:27', 600.00),
(1963, 9, 1, '2025-04-11 19:42:27', '2025-04-13 19:42:27', 600.00),
(1964, 9, 1, '2025-04-12 19:42:27', '2025-04-14 19:42:27', 600.00),
(1965, 9, 1, '2025-04-13 19:42:27', '2025-04-15 19:42:27', 600.00),
(1966, 9, 1, '2025-04-14 19:42:27', '2025-04-16 19:42:27', 600.00),
(1967, 9, 1, '2025-04-15 19:42:27', '2025-04-17 19:42:27', 600.00),
(1968, 9, 1, '2025-04-16 19:42:27', '2025-04-18 19:42:27', 600.00),
(1969, 9, 1, '2025-04-17 19:42:27', '2025-04-19 19:42:27', 600.00),
(1970, 9, 1, '2025-04-18 19:42:27', '2025-04-20 19:42:27', 600.00),
(1971, 9, 1, '2025-04-19 19:42:27', '2025-04-21 19:42:27', 600.00),
(1972, 9, 1, '2025-04-20 19:42:27', '2025-04-22 19:42:27', 600.00),
(1973, 9, 1, '2025-04-21 19:42:27', '2025-04-23 19:42:27', 600.00),
(1974, 9, 1, '2025-04-22 19:42:27', '2025-04-24 19:42:27', 600.00),
(1975, 9, 1, '2025-04-23 19:42:27', '2025-04-25 19:42:27', 600.00),
(1976, 9, 1, '2025-04-24 19:42:27', '2025-04-26 19:42:27', 600.00),
(1977, 9, 1, '2025-04-25 19:42:27', '2025-04-27 19:42:27', 600.00),
(1978, 9, 1, '2025-04-26 19:42:27', '2025-04-28 19:42:27', 600.00),
(1979, 9, 1, '2025-04-27 19:42:27', '2025-04-29 19:42:27', 600.00),
(1980, 9, 1, '2025-04-28 19:42:27', '2025-04-30 19:42:27', 600.00),
(1981, 9, 1, '2025-04-29 19:42:27', '2025-05-01 19:42:27', 600.00),
(1982, 9, 1, '2025-04-30 19:42:27', '2025-05-02 19:42:27', 600.00),
(1983, 9, 1, '2025-05-01 19:42:27', '2025-05-03 19:42:27', 600.00),
(1984, 9, 1, '2025-05-02 19:42:27', '2025-05-04 19:42:27', 600.00),
(1985, 9, 1, '2025-05-03 19:42:27', '2025-05-05 19:42:27', 600.00),
(1986, 9, 1, '2025-05-04 19:42:27', '2025-05-06 19:42:27', 600.00),
(1987, 9, 1, '2025-05-05 19:42:27', '2025-05-07 19:42:27', 600.00),
(1988, 9, 1, '2025-05-06 19:42:27', '2025-05-08 19:42:27', 600.00),
(1989, 9, 1, '2025-05-07 19:42:27', '2025-05-09 19:42:27', 600.00),
(1990, 10, 1, '2025-03-07 19:42:27', '2025-03-09 19:42:27', 600.00),
(1991, 10, 1, '2025-03-08 19:42:27', '2025-03-10 19:42:27', 600.00),
(1992, 10, 1, '2025-03-09 19:42:27', '2025-03-11 19:42:27', 600.00),
(1993, 10, 1, '2025-03-10 19:42:27', '2025-03-12 19:42:27', 600.00),
(1994, 10, 1, '2025-03-11 19:42:27', '2025-03-13 19:42:27', 600.00),
(1995, 10, 1, '2025-03-12 19:42:27', '2025-03-14 19:42:27', 600.00),
(1996, 10, 1, '2025-03-13 19:42:27', '2025-03-15 19:42:27', 600.00),
(1997, 10, 1, '2025-03-14 19:42:27', '2025-03-16 19:42:27', 600.00),
(1998, 10, 1, '2025-03-15 19:42:27', '2025-03-17 19:42:27', 600.00),
(1999, 10, 1, '2025-03-16 19:42:27', '2025-03-18 19:42:27', 600.00),
(2000, 10, 1, '2025-03-17 19:42:27', '2025-03-19 19:42:27', 600.00),
(2001, 10, 1, '2025-03-18 19:42:27', '2025-03-20 19:42:27', 600.00),
(2002, 10, 1, '2025-03-19 19:42:27', '2025-03-21 19:42:27', 600.00),
(2003, 10, 1, '2025-03-20 19:42:27', '2025-03-22 19:42:27', 600.00),
(2004, 10, 1, '2025-03-21 19:42:27', '2025-03-23 19:42:27', 600.00),
(2005, 10, 1, '2025-03-22 19:42:27', '2025-03-24 19:42:27', 600.00),
(2006, 10, 1, '2025-03-23 19:42:27', '2025-03-25 19:42:27', 600.00),
(2007, 10, 1, '2025-03-24 19:42:27', '2025-03-26 19:42:27', 600.00),
(2008, 10, 1, '2025-03-25 19:42:27', '2025-03-27 19:42:27', 600.00),
(2009, 10, 1, '2025-03-26 19:42:27', '2025-03-28 19:42:27', 600.00),
(2010, 10, 1, '2025-03-27 19:42:27', '2025-03-29 19:42:27', 600.00),
(2011, 10, 1, '2025-03-28 19:42:27', '2025-03-30 19:42:27', 600.00),
(2012, 10, 1, '2025-03-29 19:42:27', '2025-03-31 19:42:27', 600.00),
(2013, 10, 1, '2025-03-30 19:42:27', '2025-04-01 19:42:27', 600.00),
(2014, 10, 1, '2025-03-31 19:42:27', '2025-04-02 19:42:27', 600.00),
(2015, 10, 1, '2025-04-01 19:42:27', '2025-04-03 19:42:27', 600.00),
(2016, 10, 1, '2025-04-02 19:42:27', '2025-04-04 19:42:27', 600.00),
(2017, 10, 1, '2025-04-03 19:42:27', '2025-04-05 19:42:27', 600.00),
(2018, 10, 1, '2025-04-04 19:42:27', '2025-04-06 19:42:27', 600.00),
(2019, 10, 1, '2025-04-05 19:42:27', '2025-04-07 19:42:27', 600.00),
(2020, 10, 1, '2025-04-06 19:42:27', '2025-04-08 19:42:27', 600.00),
(2021, 10, 1, '2025-04-07 19:42:27', '2025-04-09 19:42:27', 600.00),
(2022, 10, 1, '2025-04-08 19:42:27', '2025-04-10 19:42:27', 600.00),
(2023, 10, 1, '2025-04-09 19:42:27', '2025-04-11 19:42:27', 600.00),
(2024, 10, 1, '2025-04-10 19:42:27', '2025-04-12 19:42:27', 600.00),
(2025, 10, 1, '2025-04-11 19:42:27', '2025-04-13 19:42:27', 600.00),
(2026, 10, 1, '2025-04-12 19:42:27', '2025-04-14 19:42:27', 600.00),
(2027, 10, 1, '2025-04-13 19:42:27', '2025-04-15 19:42:27', 600.00),
(2028, 10, 1, '2025-04-14 19:42:27', '2025-04-16 19:42:27', 600.00),
(2029, 10, 1, '2025-04-15 19:42:27', '2025-04-17 19:42:27', 600.00),
(2030, 10, 1, '2025-04-16 19:42:27', '2025-04-18 19:42:27', 600.00),
(2031, 10, 1, '2025-04-17 19:42:27', '2025-04-19 19:42:27', 600.00),
(2032, 10, 1, '2025-04-18 19:42:27', '2025-04-20 19:42:27', 600.00),
(2033, 10, 1, '2025-04-19 19:42:27', '2025-04-21 19:42:27', 600.00),
(2034, 10, 1, '2025-04-20 19:42:27', '2025-04-22 19:42:27', 600.00),
(2035, 10, 1, '2025-04-21 19:42:27', '2025-04-23 19:42:27', 600.00),
(2036, 10, 1, '2025-04-22 19:42:27', '2025-04-24 19:42:27', 600.00),
(2037, 10, 1, '2025-04-23 19:42:27', '2025-04-25 19:42:27', 600.00),
(2038, 10, 1, '2025-04-24 19:42:27', '2025-04-26 19:42:27', 600.00),
(2039, 10, 1, '2025-04-25 19:42:27', '2025-04-27 19:42:27', 600.00),
(2040, 10, 1, '2025-04-26 19:42:27', '2025-04-28 19:42:27', 600.00),
(2041, 10, 1, '2025-04-27 19:42:27', '2025-04-29 19:42:27', 600.00),
(2042, 10, 1, '2025-04-28 19:42:27', '2025-04-30 19:42:27', 600.00),
(2043, 10, 1, '2025-04-29 19:42:27', '2025-05-01 19:42:27', 600.00),
(2044, 10, 1, '2025-04-30 19:42:27', '2025-05-02 19:42:27', 600.00),
(2045, 10, 1, '2025-05-01 19:42:27', '2025-05-03 19:42:27', 600.00),
(2046, 10, 1, '2025-05-02 19:42:27', '2025-05-04 19:42:27', 600.00),
(2047, 10, 1, '2025-05-03 19:42:27', '2025-05-05 19:42:27', 600.00),
(2048, 10, 1, '2025-05-04 19:42:27', '2025-05-06 19:42:27', 600.00),
(2049, 10, 1, '2025-05-05 19:42:27', '2025-05-07 19:42:27', 600.00),
(2050, 10, 1, '2025-05-06 19:42:27', '2025-05-08 19:42:27', 600.00),
(2051, 10, 1, '2025-05-07 19:42:27', '2025-05-09 19:42:27', 600.00),
(2052, 4, 1, '2025-03-07 19:42:27', '2025-03-09 19:42:27', 600.00),
(2053, 4, 1, '2025-03-08 19:42:27', '2025-03-10 19:42:27', 600.00),
(2054, 4, 1, '2025-03-09 19:42:27', '2025-03-11 19:42:27', 600.00),
(2055, 4, 1, '2025-03-10 19:42:27', '2025-03-12 19:42:27', 600.00),
(2056, 4, 1, '2025-03-11 19:42:27', '2025-03-13 19:42:27', 600.00),
(2057, 4, 1, '2025-03-12 19:42:27', '2025-03-14 19:42:27', 600.00),
(2058, 4, 1, '2025-03-13 19:42:27', '2025-03-15 19:42:27', 600.00),
(2059, 4, 1, '2025-03-14 19:42:27', '2025-03-16 19:42:27', 600.00),
(2060, 4, 1, '2025-03-15 19:42:27', '2025-03-17 19:42:27', 600.00),
(2061, 4, 1, '2025-03-16 19:42:27', '2025-03-18 19:42:27', 600.00),
(2062, 4, 1, '2025-03-17 19:42:27', '2025-03-19 19:42:27', 600.00),
(2063, 4, 1, '2025-03-18 19:42:27', '2025-03-20 19:42:27', 600.00),
(2064, 4, 1, '2025-03-19 19:42:27', '2025-03-21 19:42:27', 600.00),
(2065, 4, 1, '2025-03-20 19:42:27', '2025-03-22 19:42:27', 600.00),
(2066, 4, 1, '2025-03-21 19:42:27', '2025-03-23 19:42:27', 600.00),
(2067, 4, 1, '2025-03-22 19:42:27', '2025-03-24 19:42:27', 600.00),
(2068, 4, 1, '2025-03-23 19:42:27', '2025-03-25 19:42:27', 600.00),
(2069, 4, 1, '2025-03-24 19:42:27', '2025-03-26 19:42:27', 600.00),
(2070, 4, 1, '2025-03-25 19:42:27', '2025-03-27 19:42:27', 600.00),
(2071, 4, 1, '2025-03-26 19:42:27', '2025-03-28 19:42:27', 600.00),
(2072, 4, 1, '2025-03-27 19:42:27', '2025-03-29 19:42:27', 600.00),
(2073, 4, 1, '2025-03-28 19:42:27', '2025-03-30 19:42:27', 600.00),
(2074, 4, 1, '2025-03-29 19:42:27', '2025-03-31 19:42:27', 600.00),
(2075, 4, 1, '2025-03-30 19:42:27', '2025-04-01 19:42:27', 600.00),
(2076, 4, 1, '2025-03-31 19:42:27', '2025-04-02 19:42:27', 600.00),
(2077, 4, 1, '2025-04-01 19:42:27', '2025-04-03 19:42:27', 600.00),
(2078, 4, 1, '2025-04-02 19:42:27', '2025-04-04 19:42:27', 600.00),
(2079, 4, 1, '2025-04-03 19:42:27', '2025-04-05 19:42:27', 600.00),
(2080, 4, 1, '2025-04-04 19:42:27', '2025-04-06 19:42:27', 600.00),
(2081, 4, 1, '2025-04-05 19:42:27', '2025-04-07 19:42:27', 600.00),
(2082, 4, 1, '2025-04-06 19:42:27', '2025-04-08 19:42:27', 600.00),
(2083, 4, 1, '2025-04-07 19:42:27', '2025-04-09 19:42:27', 600.00),
(2084, 4, 1, '2025-04-08 19:42:27', '2025-04-10 19:42:27', 600.00),
(2085, 4, 1, '2025-04-09 19:42:27', '2025-04-11 19:42:27', 600.00),
(2086, 4, 1, '2025-04-10 19:42:27', '2025-04-12 19:42:27', 600.00),
(2087, 4, 1, '2025-04-11 19:42:27', '2025-04-13 19:42:27', 600.00),
(2088, 4, 1, '2025-04-12 19:42:27', '2025-04-14 19:42:27', 600.00),
(2089, 4, 1, '2025-04-13 19:42:27', '2025-04-15 19:42:27', 600.00),
(2090, 4, 1, '2025-04-14 19:42:27', '2025-04-16 19:42:27', 600.00),
(2091, 4, 1, '2025-04-15 19:42:27', '2025-04-17 19:42:27', 600.00),
(2092, 4, 1, '2025-04-16 19:42:27', '2025-04-18 19:42:27', 600.00),
(2093, 4, 1, '2025-04-17 19:42:27', '2025-04-19 19:42:27', 600.00),
(2094, 4, 1, '2025-04-18 19:42:27', '2025-04-20 19:42:27', 600.00),
(2095, 4, 1, '2025-04-19 19:42:27', '2025-04-21 19:42:27', 600.00),
(2096, 4, 1, '2025-04-20 19:42:27', '2025-04-22 19:42:27', 600.00),
(2097, 4, 1, '2025-04-21 19:42:27', '2025-04-23 19:42:27', 600.00),
(2098, 4, 1, '2025-04-22 19:42:27', '2025-04-24 19:42:27', 600.00),
(2099, 4, 1, '2025-04-23 19:42:27', '2025-04-25 19:42:27', 600.00),
(2100, 4, 1, '2025-04-24 19:42:27', '2025-04-26 19:42:27', 600.00),
(2101, 4, 1, '2025-04-25 19:42:27', '2025-04-27 19:42:27', 600.00),
(2102, 4, 1, '2025-04-26 19:42:27', '2025-04-28 19:42:27', 600.00),
(2103, 4, 1, '2025-04-27 19:42:27', '2025-04-29 19:42:27', 600.00),
(2104, 4, 1, '2025-04-28 19:42:27', '2025-04-30 19:42:27', 600.00),
(2105, 4, 1, '2025-04-29 19:42:27', '2025-05-01 19:42:27', 600.00),
(2106, 4, 1, '2025-04-30 19:42:27', '2025-05-02 19:42:27', 600.00),
(2107, 4, 1, '2025-05-01 19:42:27', '2025-05-03 19:42:27', 600.00),
(2108, 4, 1, '2025-05-02 19:42:27', '2025-05-04 19:42:27', 600.00),
(2109, 4, 1, '2025-05-03 19:42:27', '2025-05-05 19:42:27', 600.00),
(2110, 4, 1, '2025-05-04 19:42:27', '2025-05-06 19:42:27', 600.00),
(2111, 4, 1, '2025-05-05 19:42:27', '2025-05-07 19:42:27', 600.00),
(2112, 4, 1, '2025-05-06 19:42:27', '2025-05-08 19:42:27', 600.00),
(2113, 4, 1, '2025-05-07 19:42:27', '2025-05-09 19:42:27', 600.00),
(2114, 11, 1, '2025-03-07 19:42:27', '2025-03-09 19:42:27', 600.00),
(2115, 11, 1, '2025-03-08 19:42:27', '2025-03-10 19:42:27', 600.00),
(2116, 11, 1, '2025-03-09 19:42:27', '2025-03-11 19:42:27', 600.00),
(2117, 11, 1, '2025-03-10 19:42:27', '2025-03-12 19:42:27', 600.00),
(2118, 11, 1, '2025-03-11 19:42:27', '2025-03-13 19:42:27', 600.00),
(2119, 11, 1, '2025-03-12 19:42:27', '2025-03-14 19:42:27', 600.00),
(2120, 11, 1, '2025-03-13 19:42:27', '2025-03-15 19:42:27', 600.00),
(2121, 11, 1, '2025-03-14 19:42:27', '2025-03-16 19:42:27', 600.00),
(2122, 11, 1, '2025-03-15 19:42:27', '2025-03-17 19:42:27', 600.00),
(2123, 11, 1, '2025-03-16 19:42:27', '2025-03-18 19:42:27', 600.00),
(2124, 11, 1, '2025-03-17 19:42:27', '2025-03-19 19:42:27', 600.00),
(2125, 11, 1, '2025-03-18 19:42:27', '2025-03-20 19:42:27', 600.00),
(2126, 11, 1, '2025-03-19 19:42:27', '2025-03-21 19:42:27', 600.00),
(2127, 11, 1, '2025-03-20 19:42:27', '2025-03-22 19:42:27', 600.00),
(2128, 11, 1, '2025-03-21 19:42:27', '2025-03-23 19:42:27', 600.00),
(2129, 11, 1, '2025-03-22 19:42:27', '2025-03-24 19:42:27', 600.00),
(2130, 11, 1, '2025-03-23 19:42:27', '2025-03-25 19:42:27', 600.00),
(2131, 11, 1, '2025-03-24 19:42:27', '2025-03-26 19:42:27', 600.00),
(2132, 11, 1, '2025-03-25 19:42:27', '2025-03-27 19:42:27', 600.00),
(2133, 11, 1, '2025-03-26 19:42:27', '2025-03-28 19:42:27', 600.00),
(2134, 11, 1, '2025-03-27 19:42:27', '2025-03-29 19:42:27', 600.00),
(2135, 11, 1, '2025-03-28 19:42:27', '2025-03-30 19:42:27', 600.00),
(2136, 11, 1, '2025-03-29 19:42:27', '2025-03-31 19:42:27', 600.00),
(2137, 11, 1, '2025-03-30 19:42:27', '2025-04-01 19:42:27', 600.00),
(2138, 11, 1, '2025-03-31 19:42:27', '2025-04-02 19:42:27', 600.00),
(2139, 11, 1, '2025-04-01 19:42:27', '2025-04-03 19:42:27', 600.00),
(2140, 11, 1, '2025-04-02 19:42:27', '2025-04-04 19:42:27', 600.00),
(2141, 11, 1, '2025-04-03 19:42:27', '2025-04-05 19:42:27', 600.00),
(2142, 11, 1, '2025-04-04 19:42:27', '2025-04-06 19:42:27', 600.00),
(2143, 11, 1, '2025-04-05 19:42:27', '2025-04-07 19:42:27', 600.00),
(2144, 11, 1, '2025-04-06 19:42:27', '2025-04-08 19:42:27', 600.00),
(2145, 11, 1, '2025-04-07 19:42:27', '2025-04-09 19:42:27', 600.00),
(2146, 11, 1, '2025-04-08 19:42:27', '2025-04-10 19:42:27', 600.00),
(2147, 11, 1, '2025-04-09 19:42:27', '2025-04-11 19:42:27', 600.00),
(2148, 11, 1, '2025-04-10 19:42:27', '2025-04-12 19:42:27', 600.00),
(2149, 11, 1, '2025-04-11 19:42:27', '2025-04-13 19:42:27', 600.00),
(2150, 11, 1, '2025-04-12 19:42:27', '2025-04-14 19:42:27', 600.00),
(2151, 11, 1, '2025-04-13 19:42:27', '2025-04-15 19:42:27', 600.00),
(2152, 11, 1, '2025-04-14 19:42:27', '2025-04-16 19:42:27', 600.00),
(2153, 11, 1, '2025-04-15 19:42:27', '2025-04-17 19:42:27', 600.00),
(2154, 11, 1, '2025-04-16 19:42:27', '2025-04-18 19:42:27', 600.00),
(2155, 11, 1, '2025-04-17 19:42:27', '2025-04-19 19:42:27', 600.00),
(2156, 11, 1, '2025-04-18 19:42:27', '2025-04-20 19:42:27', 600.00),
(2157, 11, 1, '2025-04-19 19:42:27', '2025-04-21 19:42:27', 600.00),
(2158, 11, 1, '2025-04-20 19:42:27', '2025-04-22 19:42:27', 600.00),
(2159, 11, 1, '2025-04-21 19:42:27', '2025-04-23 19:42:27', 600.00),
(2160, 11, 1, '2025-04-22 19:42:27', '2025-04-24 19:42:27', 600.00),
(2161, 11, 1, '2025-04-23 19:42:27', '2025-04-25 19:42:27', 600.00),
(2162, 11, 1, '2025-04-24 19:42:27', '2025-04-26 19:42:27', 600.00),
(2163, 11, 1, '2025-04-25 19:42:27', '2025-04-27 19:42:27', 600.00),
(2164, 11, 1, '2025-04-26 19:42:27', '2025-04-28 19:42:27', 600.00),
(2165, 11, 1, '2025-04-27 19:42:27', '2025-04-29 19:42:27', 600.00),
(2166, 11, 1, '2025-04-28 19:42:27', '2025-04-30 19:42:27', 600.00),
(2167, 11, 1, '2025-04-29 19:42:27', '2025-05-01 19:42:27', 600.00),
(2168, 11, 1, '2025-04-30 19:42:27', '2025-05-02 19:42:27', 600.00),
(2169, 11, 1, '2025-05-01 19:42:27', '2025-05-03 19:42:27', 600.00),
(2170, 11, 1, '2025-05-02 19:42:27', '2025-05-04 19:42:27', 600.00),
(2171, 11, 1, '2025-05-03 19:42:27', '2025-05-05 19:42:27', 600.00),
(2172, 11, 1, '2025-05-04 19:42:27', '2025-05-06 19:42:27', 600.00),
(2173, 11, 1, '2025-05-05 19:42:27', '2025-05-07 19:42:27', 600.00),
(2174, 11, 1, '2025-05-06 19:42:27', '2025-05-08 19:42:27', 600.00),
(2175, 11, 1, '2025-05-07 19:42:27', '2025-05-09 19:42:27', 600.00),
(2176, 12, 1, '2025-03-07 19:42:27', '2025-03-09 19:42:27', 600.00),
(2177, 12, 1, '2025-03-08 19:42:27', '2025-03-10 19:42:27', 600.00),
(2178, 12, 1, '2025-03-09 19:42:27', '2025-03-11 19:42:27', 600.00),
(2179, 12, 1, '2025-03-10 19:42:27', '2025-03-12 19:42:27', 600.00),
(2180, 12, 1, '2025-03-11 19:42:27', '2025-03-13 19:42:27', 600.00),
(2181, 12, 1, '2025-03-12 19:42:27', '2025-03-14 19:42:27', 600.00),
(2182, 12, 1, '2025-03-13 19:42:27', '2025-03-15 19:42:27', 600.00),
(2183, 12, 1, '2025-03-14 19:42:27', '2025-03-16 19:42:27', 600.00),
(2184, 12, 1, '2025-03-15 19:42:27', '2025-03-17 19:42:27', 600.00),
(2185, 12, 1, '2025-03-16 19:42:27', '2025-03-18 19:42:27', 600.00),
(2186, 12, 1, '2025-03-17 19:42:27', '2025-03-19 19:42:27', 600.00),
(2187, 12, 1, '2025-03-18 19:42:27', '2025-03-20 19:42:27', 600.00),
(2188, 12, 1, '2025-03-19 19:42:27', '2025-03-21 19:42:27', 600.00),
(2189, 12, 1, '2025-03-20 19:42:27', '2025-03-22 19:42:27', 600.00),
(2190, 12, 1, '2025-03-21 19:42:27', '2025-03-23 19:42:27', 600.00),
(2191, 12, 1, '2025-03-22 19:42:27', '2025-03-24 19:42:27', 600.00),
(2192, 12, 1, '2025-03-23 19:42:27', '2025-03-25 19:42:27', 600.00),
(2193, 12, 1, '2025-03-24 19:42:27', '2025-03-26 19:42:27', 600.00),
(2194, 12, 1, '2025-03-25 19:42:27', '2025-03-27 19:42:27', 600.00),
(2195, 12, 1, '2025-03-26 19:42:27', '2025-03-28 19:42:27', 600.00),
(2196, 12, 1, '2025-03-27 19:42:27', '2025-03-29 19:42:27', 600.00),
(2197, 12, 1, '2025-03-28 19:42:27', '2025-03-30 19:42:27', 600.00),
(2198, 12, 1, '2025-03-29 19:42:27', '2025-03-31 19:42:27', 600.00),
(2199, 12, 1, '2025-03-30 19:42:27', '2025-04-01 19:42:27', 600.00),
(2200, 12, 1, '2025-03-31 19:42:27', '2025-04-02 19:42:27', 600.00),
(2201, 12, 1, '2025-04-01 19:42:27', '2025-04-03 19:42:27', 600.00),
(2202, 12, 1, '2025-04-02 19:42:27', '2025-04-04 19:42:27', 600.00),
(2203, 12, 1, '2025-04-03 19:42:27', '2025-04-05 19:42:27', 600.00),
(2204, 12, 1, '2025-04-04 19:42:27', '2025-04-06 19:42:27', 600.00),
(2205, 12, 1, '2025-04-05 19:42:27', '2025-04-07 19:42:27', 600.00),
(2206, 12, 1, '2025-04-06 19:42:27', '2025-04-08 19:42:27', 600.00),
(2207, 12, 1, '2025-04-07 19:42:27', '2025-04-09 19:42:27', 600.00),
(2208, 12, 1, '2025-04-08 19:42:27', '2025-04-10 19:42:27', 600.00),
(2209, 12, 1, '2025-04-09 19:42:27', '2025-04-11 19:42:27', 600.00),
(2210, 12, 1, '2025-04-10 19:42:27', '2025-04-12 19:42:27', 600.00),
(2211, 12, 1, '2025-04-11 19:42:27', '2025-04-13 19:42:27', 600.00),
(2212, 12, 1, '2025-04-12 19:42:27', '2025-04-14 19:42:27', 600.00),
(2213, 12, 1, '2025-04-13 19:42:27', '2025-04-15 19:42:27', 600.00),
(2214, 12, 1, '2025-04-14 19:42:27', '2025-04-16 19:42:27', 600.00),
(2215, 12, 1, '2025-04-15 19:42:27', '2025-04-17 19:42:27', 600.00),
(2216, 12, 1, '2025-04-16 19:42:27', '2025-04-18 19:42:27', 600.00),
(2217, 12, 1, '2025-04-17 19:42:27', '2025-04-19 19:42:27', 600.00),
(2218, 12, 1, '2025-04-18 19:42:27', '2025-04-20 19:42:27', 600.00),
(2219, 12, 1, '2025-04-19 19:42:27', '2025-04-21 19:42:27', 600.00),
(2220, 12, 1, '2025-04-20 19:42:27', '2025-04-22 19:42:27', 600.00),
(2221, 12, 1, '2025-04-21 19:42:27', '2025-04-23 19:42:27', 600.00),
(2222, 12, 1, '2025-04-22 19:42:27', '2025-04-24 19:42:27', 600.00),
(2223, 12, 1, '2025-04-23 19:42:27', '2025-04-25 19:42:27', 600.00),
(2224, 12, 1, '2025-04-24 19:42:27', '2025-04-26 19:42:27', 600.00),
(2225, 12, 1, '2025-04-25 19:42:27', '2025-04-27 19:42:27', 600.00),
(2226, 12, 1, '2025-04-26 19:42:27', '2025-04-28 19:42:27', 600.00),
(2227, 12, 1, '2025-04-27 19:42:27', '2025-04-29 19:42:27', 600.00),
(2228, 12, 1, '2025-04-28 19:42:27', '2025-04-30 19:42:27', 600.00),
(2229, 12, 1, '2025-04-29 19:42:27', '2025-05-01 19:42:27', 600.00),
(2230, 12, 1, '2025-04-30 19:42:27', '2025-05-02 19:42:27', 600.00),
(2231, 12, 1, '2025-05-01 19:42:27', '2025-05-03 19:42:27', 600.00),
(2232, 12, 1, '2025-05-02 19:42:27', '2025-05-04 19:42:27', 600.00),
(2233, 12, 1, '2025-05-03 19:42:27', '2025-05-05 19:42:27', 600.00),
(2234, 12, 1, '2025-05-04 19:42:27', '2025-05-06 19:42:27', 600.00),
(2235, 12, 1, '2025-05-05 19:42:27', '2025-05-07 19:42:27', 600.00),
(2236, 12, 1, '2025-05-06 19:42:27', '2025-05-08 19:42:27', 600.00),
(2237, 12, 1, '2025-05-07 19:42:27', '2025-05-09 19:42:27', 600.00),
(2238, 13, 1, '2025-03-07 19:42:27', '2025-03-09 19:42:27', 600.00),
(2239, 13, 1, '2025-03-08 19:42:27', '2025-03-10 19:42:27', 600.00),
(2240, 13, 1, '2025-03-09 19:42:27', '2025-03-11 19:42:27', 600.00),
(2241, 13, 1, '2025-03-10 19:42:27', '2025-03-12 19:42:27', 600.00),
(2242, 13, 1, '2025-03-11 19:42:27', '2025-03-13 19:42:27', 600.00),
(2243, 13, 1, '2025-03-12 19:42:27', '2025-03-14 19:42:27', 600.00),
(2244, 13, 1, '2025-03-13 19:42:27', '2025-03-15 19:42:27', 600.00),
(2245, 13, 1, '2025-03-14 19:42:27', '2025-03-16 19:42:27', 600.00),
(2246, 13, 1, '2025-03-15 19:42:27', '2025-03-17 19:42:27', 600.00),
(2247, 13, 1, '2025-03-16 19:42:27', '2025-03-18 19:42:27', 600.00),
(2248, 13, 1, '2025-03-17 19:42:27', '2025-03-19 19:42:27', 600.00),
(2249, 13, 1, '2025-03-18 19:42:27', '2025-03-20 19:42:27', 600.00),
(2250, 13, 1, '2025-03-19 19:42:27', '2025-03-21 19:42:27', 600.00),
(2251, 13, 1, '2025-03-20 19:42:27', '2025-03-22 19:42:27', 600.00),
(2252, 13, 1, '2025-03-21 19:42:27', '2025-03-23 19:42:27', 600.00),
(2253, 13, 1, '2025-03-22 19:42:27', '2025-03-24 19:42:27', 600.00),
(2254, 13, 1, '2025-03-23 19:42:27', '2025-03-25 19:42:27', 600.00),
(2255, 13, 1, '2025-03-24 19:42:27', '2025-03-26 19:42:27', 600.00),
(2256, 13, 1, '2025-03-25 19:42:27', '2025-03-27 19:42:27', 600.00),
(2257, 13, 1, '2025-03-26 19:42:27', '2025-03-28 19:42:27', 600.00),
(2258, 13, 1, '2025-03-27 19:42:27', '2025-03-29 19:42:27', 600.00),
(2259, 13, 1, '2025-03-28 19:42:27', '2025-03-30 19:42:27', 600.00),
(2260, 13, 1, '2025-03-29 19:42:27', '2025-03-31 19:42:27', 600.00),
(2261, 13, 1, '2025-03-30 19:42:27', '2025-04-01 19:42:27', 600.00),
(2262, 13, 1, '2025-03-31 19:42:27', '2025-04-02 19:42:27', 600.00),
(2263, 13, 1, '2025-04-01 19:42:27', '2025-04-03 19:42:27', 600.00),
(2264, 13, 1, '2025-04-02 19:42:27', '2025-04-04 19:42:27', 600.00),
(2265, 13, 1, '2025-04-03 19:42:27', '2025-04-05 19:42:27', 600.00),
(2266, 13, 1, '2025-04-04 19:42:27', '2025-04-06 19:42:27', 600.00),
(2267, 13, 1, '2025-04-05 19:42:27', '2025-04-07 19:42:27', 600.00),
(2268, 13, 1, '2025-04-06 19:42:27', '2025-04-08 19:42:27', 600.00),
(2269, 13, 1, '2025-04-07 19:42:27', '2025-04-09 19:42:27', 600.00),
(2270, 13, 1, '2025-04-08 19:42:27', '2025-04-10 19:42:27', 600.00),
(2271, 13, 1, '2025-04-09 19:42:27', '2025-04-11 19:42:27', 600.00),
(2272, 13, 1, '2025-04-10 19:42:27', '2025-04-12 19:42:27', 600.00),
(2273, 13, 1, '2025-04-11 19:42:27', '2025-04-13 19:42:27', 600.00),
(2274, 13, 1, '2025-04-12 19:42:27', '2025-04-14 19:42:27', 600.00),
(2275, 13, 1, '2025-04-13 19:42:27', '2025-04-15 19:42:27', 600.00),
(2276, 13, 1, '2025-04-14 19:42:27', '2025-04-16 19:42:27', 600.00),
(2277, 13, 1, '2025-04-15 19:42:27', '2025-04-17 19:42:27', 600.00),
(2278, 13, 1, '2025-04-16 19:42:27', '2025-04-18 19:42:27', 600.00),
(2279, 13, 1, '2025-04-17 19:42:27', '2025-04-19 19:42:27', 600.00),
(2280, 13, 1, '2025-04-18 19:42:27', '2025-04-20 19:42:27', 600.00),
(2281, 13, 1, '2025-04-19 19:42:27', '2025-04-21 19:42:27', 600.00),
(2282, 13, 1, '2025-04-20 19:42:27', '2025-04-22 19:42:27', 600.00),
(2283, 13, 1, '2025-04-21 19:42:27', '2025-04-23 19:42:27', 600.00),
(2284, 13, 1, '2025-04-22 19:42:27', '2025-04-24 19:42:27', 600.00),
(2285, 13, 1, '2025-04-23 19:42:27', '2025-04-25 19:42:27', 600.00),
(2286, 13, 1, '2025-04-24 19:42:27', '2025-04-26 19:42:27', 600.00),
(2287, 13, 1, '2025-04-25 19:42:27', '2025-04-27 19:42:27', 600.00),
(2288, 13, 1, '2025-04-26 19:42:27', '2025-04-28 19:42:27', 600.00),
(2289, 13, 1, '2025-04-27 19:42:27', '2025-04-29 19:42:27', 600.00),
(2290, 13, 1, '2025-04-28 19:42:27', '2025-04-30 19:42:27', 600.00),
(2291, 13, 1, '2025-04-29 19:42:27', '2025-05-01 19:42:27', 600.00),
(2292, 13, 1, '2025-04-30 19:42:27', '2025-05-02 19:42:27', 600.00),
(2293, 13, 1, '2025-05-01 19:42:27', '2025-05-03 19:42:27', 600.00),
(2294, 13, 1, '2025-05-02 19:42:27', '2025-05-04 19:42:27', 600.00),
(2295, 13, 1, '2025-05-03 19:42:27', '2025-05-05 19:42:27', 600.00),
(2296, 13, 1, '2025-05-04 19:42:27', '2025-05-06 19:42:27', 600.00),
(2297, 13, 1, '2025-05-05 19:42:27', '2025-05-07 19:42:27', 600.00),
(2298, 13, 1, '2025-05-06 19:42:27', '2025-05-08 19:42:27', 600.00),
(2299, 13, 1, '2025-05-07 19:42:27', '2025-05-09 19:42:27', 600.00),
(2300, 5, 1, '2025-03-07 19:42:27', '2025-03-09 19:42:27', 600.00),
(2301, 5, 1, '2025-03-08 19:42:27', '2025-03-10 19:42:27', 600.00),
(2302, 5, 1, '2025-03-09 19:42:27', '2025-03-11 19:42:27', 600.00),
(2303, 5, 1, '2025-03-10 19:42:27', '2025-03-12 19:42:27', 600.00),
(2304, 5, 1, '2025-03-11 19:42:27', '2025-03-13 19:42:27', 600.00),
(2305, 5, 1, '2025-03-12 19:42:27', '2025-03-14 19:42:27', 600.00),
(2306, 5, 1, '2025-03-13 19:42:27', '2025-03-15 19:42:27', 600.00),
(2307, 5, 1, '2025-03-14 19:42:27', '2025-03-16 19:42:27', 600.00);
INSERT INTO `viajes` (`id`, `ruta_id`, `autobus_id`, `fecha_ida`, `fecha_regreso`, `precio`) VALUES
(2308, 5, 1, '2025-03-15 19:42:27', '2025-03-17 19:42:27', 600.00),
(2309, 5, 1, '2025-03-16 19:42:27', '2025-03-18 19:42:27', 600.00),
(2310, 5, 1, '2025-03-17 19:42:27', '2025-03-19 19:42:27', 600.00),
(2311, 5, 1, '2025-03-18 19:42:27', '2025-03-20 19:42:27', 600.00),
(2312, 5, 1, '2025-03-19 19:42:27', '2025-03-21 19:42:27', 600.00),
(2313, 5, 1, '2025-03-20 19:42:27', '2025-03-22 19:42:27', 600.00),
(2314, 5, 1, '2025-03-21 19:42:27', '2025-03-23 19:42:27', 600.00),
(2315, 5, 1, '2025-03-22 19:42:27', '2025-03-24 19:42:27', 600.00),
(2316, 5, 1, '2025-03-23 19:42:27', '2025-03-25 19:42:27', 600.00),
(2317, 5, 1, '2025-03-24 19:42:27', '2025-03-26 19:42:27', 600.00),
(2318, 5, 1, '2025-03-25 19:42:27', '2025-03-27 19:42:27', 600.00),
(2319, 5, 1, '2025-03-26 19:42:27', '2025-03-28 19:42:27', 600.00),
(2320, 5, 1, '2025-03-27 19:42:27', '2025-03-29 19:42:27', 600.00),
(2321, 5, 1, '2025-03-28 19:42:27', '2025-03-30 19:42:27', 600.00),
(2322, 5, 1, '2025-03-29 19:42:27', '2025-03-31 19:42:27', 600.00),
(2323, 5, 1, '2025-03-30 19:42:27', '2025-04-01 19:42:27', 600.00),
(2324, 5, 1, '2025-03-31 19:42:27', '2025-04-02 19:42:27', 600.00),
(2325, 5, 1, '2025-04-01 19:42:27', '2025-04-03 19:42:27', 600.00),
(2326, 5, 1, '2025-04-02 19:42:27', '2025-04-04 19:42:27', 600.00),
(2327, 5, 1, '2025-04-03 19:42:27', '2025-04-05 19:42:27', 600.00),
(2328, 5, 1, '2025-04-04 19:42:27', '2025-04-06 19:42:27', 600.00),
(2329, 5, 1, '2025-04-05 19:42:27', '2025-04-07 19:42:27', 600.00),
(2330, 5, 1, '2025-04-06 19:42:27', '2025-04-08 19:42:27', 600.00),
(2331, 5, 1, '2025-04-07 19:42:27', '2025-04-09 19:42:27', 600.00),
(2332, 5, 1, '2025-04-08 19:42:27', '2025-04-10 19:42:27', 600.00),
(2333, 5, 1, '2025-04-09 19:42:27', '2025-04-11 19:42:27', 600.00),
(2334, 5, 1, '2025-04-10 19:42:27', '2025-04-12 19:42:27', 600.00),
(2335, 5, 1, '2025-04-11 19:42:27', '2025-04-13 19:42:27', 600.00),
(2336, 5, 1, '2025-04-12 19:42:27', '2025-04-14 19:42:27', 600.00),
(2337, 5, 1, '2025-04-13 19:42:27', '2025-04-15 19:42:27', 600.00),
(2338, 5, 1, '2025-04-14 19:42:27', '2025-04-16 19:42:27', 600.00),
(2339, 5, 1, '2025-04-15 19:42:27', '2025-04-17 19:42:27', 600.00),
(2340, 5, 1, '2025-04-16 19:42:27', '2025-04-18 19:42:27', 600.00),
(2341, 5, 1, '2025-04-17 19:42:27', '2025-04-19 19:42:27', 600.00),
(2342, 5, 1, '2025-04-18 19:42:27', '2025-04-20 19:42:27', 600.00),
(2343, 5, 1, '2025-04-19 19:42:27', '2025-04-21 19:42:27', 600.00),
(2344, 5, 1, '2025-04-20 19:42:27', '2025-04-22 19:42:27', 600.00),
(2345, 5, 1, '2025-04-21 19:42:27', '2025-04-23 19:42:27', 600.00),
(2346, 5, 1, '2025-04-22 19:42:27', '2025-04-24 19:42:27', 600.00),
(2347, 5, 1, '2025-04-23 19:42:27', '2025-04-25 19:42:27', 600.00),
(2348, 5, 1, '2025-04-24 19:42:27', '2025-04-26 19:42:27', 600.00),
(2349, 5, 1, '2025-04-25 19:42:27', '2025-04-27 19:42:27', 600.00),
(2350, 5, 1, '2025-04-26 19:42:27', '2025-04-28 19:42:27', 600.00),
(2351, 5, 1, '2025-04-27 19:42:27', '2025-04-29 19:42:27', 600.00),
(2352, 5, 1, '2025-04-28 19:42:27', '2025-04-30 19:42:27', 600.00),
(2353, 5, 1, '2025-04-29 19:42:27', '2025-05-01 19:42:27', 600.00),
(2354, 5, 1, '2025-04-30 19:42:27', '2025-05-02 19:42:27', 600.00),
(2355, 5, 1, '2025-05-01 19:42:27', '2025-05-03 19:42:27', 600.00),
(2356, 5, 1, '2025-05-02 19:42:27', '2025-05-04 19:42:27', 600.00),
(2357, 5, 1, '2025-05-03 19:42:27', '2025-05-05 19:42:27', 600.00),
(2358, 5, 1, '2025-05-04 19:42:27', '2025-05-06 19:42:27', 600.00),
(2359, 5, 1, '2025-05-05 19:42:27', '2025-05-07 19:42:27', 600.00),
(2360, 5, 1, '2025-05-06 19:42:27', '2025-05-08 19:42:27', 600.00),
(2361, 5, 1, '2025-05-07 19:42:27', '2025-05-09 19:42:27', 600.00),
(2362, 14, 1, '2025-03-07 19:42:27', '2025-03-09 19:42:27', 600.00),
(2363, 14, 1, '2025-03-08 19:42:27', '2025-03-10 19:42:27', 600.00),
(2364, 14, 1, '2025-03-09 19:42:27', '2025-03-11 19:42:27', 600.00),
(2365, 14, 1, '2025-03-10 19:42:27', '2025-03-12 19:42:27', 600.00),
(2366, 14, 1, '2025-03-11 19:42:27', '2025-03-13 19:42:27', 600.00),
(2367, 14, 1, '2025-03-12 19:42:27', '2025-03-14 19:42:27', 600.00),
(2368, 14, 1, '2025-03-13 19:42:27', '2025-03-15 19:42:27', 600.00),
(2369, 14, 1, '2025-03-14 19:42:27', '2025-03-16 19:42:27', 600.00),
(2370, 14, 1, '2025-03-15 19:42:27', '2025-03-17 19:42:27', 600.00),
(2371, 14, 1, '2025-03-16 19:42:27', '2025-03-18 19:42:27', 600.00),
(2372, 14, 1, '2025-03-17 19:42:27', '2025-03-19 19:42:27', 600.00),
(2373, 14, 1, '2025-03-18 19:42:27', '2025-03-20 19:42:27', 600.00),
(2374, 14, 1, '2025-03-19 19:42:27', '2025-03-21 19:42:27', 600.00),
(2375, 14, 1, '2025-03-20 19:42:27', '2025-03-22 19:42:27', 600.00),
(2376, 14, 1, '2025-03-21 19:42:27', '2025-03-23 19:42:27', 600.00),
(2377, 14, 1, '2025-03-22 19:42:27', '2025-03-24 19:42:27', 600.00),
(2378, 14, 1, '2025-03-23 19:42:27', '2025-03-25 19:42:27', 600.00),
(2379, 14, 1, '2025-03-24 19:42:27', '2025-03-26 19:42:27', 600.00),
(2380, 14, 1, '2025-03-25 19:42:27', '2025-03-27 19:42:27', 600.00),
(2381, 14, 1, '2025-03-26 19:42:27', '2025-03-28 19:42:27', 600.00),
(2382, 14, 1, '2025-03-27 19:42:27', '2025-03-29 19:42:27', 600.00),
(2383, 14, 1, '2025-03-28 19:42:27', '2025-03-30 19:42:27', 600.00),
(2384, 14, 1, '2025-03-29 19:42:27', '2025-03-31 19:42:27', 600.00),
(2385, 14, 1, '2025-03-30 19:42:27', '2025-04-01 19:42:27', 600.00),
(2386, 14, 1, '2025-03-31 19:42:27', '2025-04-02 19:42:27', 600.00),
(2387, 14, 1, '2025-04-01 19:42:27', '2025-04-03 19:42:27', 600.00),
(2388, 14, 1, '2025-04-02 19:42:27', '2025-04-04 19:42:27', 600.00),
(2389, 14, 1, '2025-04-03 19:42:27', '2025-04-05 19:42:27', 600.00),
(2390, 14, 1, '2025-04-04 19:42:27', '2025-04-06 19:42:27', 600.00),
(2391, 14, 1, '2025-04-05 19:42:27', '2025-04-07 19:42:27', 600.00),
(2392, 14, 1, '2025-04-06 19:42:27', '2025-04-08 19:42:27', 600.00),
(2393, 14, 1, '2025-04-07 19:42:27', '2025-04-09 19:42:27', 600.00),
(2394, 14, 1, '2025-04-08 19:42:27', '2025-04-10 19:42:27', 600.00),
(2395, 14, 1, '2025-04-09 19:42:27', '2025-04-11 19:42:27', 600.00),
(2396, 14, 1, '2025-04-10 19:42:27', '2025-04-12 19:42:27', 600.00),
(2397, 14, 1, '2025-04-11 19:42:27', '2025-04-13 19:42:27', 600.00),
(2398, 14, 1, '2025-04-12 19:42:27', '2025-04-14 19:42:27', 600.00),
(2399, 14, 1, '2025-04-13 19:42:27', '2025-04-15 19:42:27', 600.00),
(2400, 14, 1, '2025-04-14 19:42:27', '2025-04-16 19:42:27', 600.00),
(2401, 14, 1, '2025-04-15 19:42:27', '2025-04-17 19:42:27', 600.00),
(2402, 14, 1, '2025-04-16 19:42:27', '2025-04-18 19:42:27', 600.00),
(2403, 14, 1, '2025-04-17 19:42:27', '2025-04-19 19:42:27', 600.00),
(2404, 14, 1, '2025-04-18 19:42:27', '2025-04-20 19:42:27', 600.00),
(2405, 14, 1, '2025-04-19 19:42:27', '2025-04-21 19:42:27', 600.00),
(2406, 14, 1, '2025-04-20 19:42:27', '2025-04-22 19:42:27', 600.00),
(2407, 14, 1, '2025-04-21 19:42:27', '2025-04-23 19:42:27', 600.00),
(2408, 14, 1, '2025-04-22 19:42:27', '2025-04-24 19:42:27', 600.00),
(2409, 14, 1, '2025-04-23 19:42:27', '2025-04-25 19:42:27', 600.00),
(2410, 14, 1, '2025-04-24 19:42:27', '2025-04-26 19:42:27', 600.00),
(2411, 14, 1, '2025-04-25 19:42:27', '2025-04-27 19:42:27', 600.00),
(2412, 14, 1, '2025-04-26 19:42:27', '2025-04-28 19:42:27', 600.00),
(2413, 14, 1, '2025-04-27 19:42:27', '2025-04-29 19:42:27', 600.00),
(2414, 14, 1, '2025-04-28 19:42:27', '2025-04-30 19:42:27', 600.00),
(2415, 14, 1, '2025-04-29 19:42:27', '2025-05-01 19:42:27', 600.00),
(2416, 14, 1, '2025-04-30 19:42:27', '2025-05-02 19:42:27', 600.00),
(2417, 14, 1, '2025-05-01 19:42:27', '2025-05-03 19:42:27', 600.00),
(2418, 14, 1, '2025-05-02 19:42:27', '2025-05-04 19:42:27', 600.00),
(2419, 14, 1, '2025-05-03 19:42:27', '2025-05-05 19:42:27', 600.00),
(2420, 14, 1, '2025-05-04 19:42:27', '2025-05-06 19:42:27', 600.00),
(2421, 14, 1, '2025-05-05 19:42:27', '2025-05-07 19:42:27', 600.00),
(2422, 14, 1, '2025-05-06 19:42:27', '2025-05-08 19:42:27', 600.00),
(2423, 14, 1, '2025-05-07 19:42:27', '2025-05-09 19:42:27', 600.00),
(2424, 15, 1, '2025-03-07 19:42:27', '2025-03-09 19:42:27', 600.00),
(2425, 15, 1, '2025-03-08 19:42:27', '2025-03-10 19:42:27', 600.00),
(2426, 15, 1, '2025-03-09 19:42:27', '2025-03-11 19:42:27', 600.00),
(2427, 15, 1, '2025-03-10 19:42:27', '2025-03-12 19:42:27', 600.00),
(2428, 15, 1, '2025-03-11 19:42:27', '2025-03-13 19:42:27', 600.00),
(2429, 15, 1, '2025-03-12 19:42:27', '2025-03-14 19:42:27', 600.00),
(2430, 15, 1, '2025-03-13 19:42:27', '2025-03-15 19:42:27', 600.00),
(2431, 15, 1, '2025-03-14 19:42:27', '2025-03-16 19:42:27', 600.00),
(2432, 15, 1, '2025-03-15 19:42:27', '2025-03-17 19:42:27', 600.00),
(2433, 15, 1, '2025-03-16 19:42:27', '2025-03-18 19:42:27', 600.00),
(2434, 15, 1, '2025-03-17 19:42:27', '2025-03-19 19:42:27', 600.00),
(2435, 15, 1, '2025-03-18 19:42:27', '2025-03-20 19:42:27', 600.00),
(2436, 15, 1, '2025-03-19 19:42:27', '2025-03-21 19:42:27', 600.00),
(2437, 15, 1, '2025-03-20 19:42:27', '2025-03-22 19:42:27', 600.00),
(2438, 15, 1, '2025-03-21 19:42:27', '2025-03-23 19:42:27', 600.00),
(2439, 15, 1, '2025-03-22 19:42:27', '2025-03-24 19:42:27', 600.00),
(2440, 15, 1, '2025-03-23 19:42:27', '2025-03-25 19:42:27', 600.00),
(2441, 15, 1, '2025-03-24 19:42:27', '2025-03-26 19:42:27', 600.00),
(2442, 15, 1, '2025-03-25 19:42:27', '2025-03-27 19:42:27', 600.00),
(2443, 15, 1, '2025-03-26 19:42:27', '2025-03-28 19:42:27', 600.00),
(2444, 15, 1, '2025-03-27 19:42:27', '2025-03-29 19:42:27', 600.00),
(2445, 15, 1, '2025-03-28 19:42:27', '2025-03-30 19:42:27', 600.00),
(2446, 15, 1, '2025-03-29 19:42:27', '2025-03-31 19:42:27', 600.00),
(2447, 15, 1, '2025-03-30 19:42:27', '2025-04-01 19:42:27', 600.00),
(2448, 15, 1, '2025-03-31 19:42:27', '2025-04-02 19:42:27', 600.00),
(2449, 15, 1, '2025-04-01 19:42:27', '2025-04-03 19:42:27', 600.00),
(2450, 15, 1, '2025-04-02 19:42:27', '2025-04-04 19:42:27', 600.00),
(2451, 15, 1, '2025-04-03 19:42:27', '2025-04-05 19:42:27', 600.00),
(2452, 15, 1, '2025-04-04 19:42:27', '2025-04-06 19:42:27', 600.00),
(2453, 15, 1, '2025-04-05 19:42:27', '2025-04-07 19:42:27', 600.00),
(2454, 15, 1, '2025-04-06 19:42:27', '2025-04-08 19:42:27', 600.00),
(2455, 15, 1, '2025-04-07 19:42:27', '2025-04-09 19:42:27', 600.00),
(2456, 15, 1, '2025-04-08 19:42:27', '2025-04-10 19:42:27', 600.00),
(2457, 15, 1, '2025-04-09 19:42:27', '2025-04-11 19:42:27', 600.00),
(2458, 15, 1, '2025-04-10 19:42:27', '2025-04-12 19:42:27', 600.00),
(2459, 15, 1, '2025-04-11 19:42:27', '2025-04-13 19:42:27', 600.00),
(2460, 15, 1, '2025-04-12 19:42:27', '2025-04-14 19:42:27', 600.00),
(2461, 15, 1, '2025-04-13 19:42:27', '2025-04-15 19:42:27', 600.00),
(2462, 15, 1, '2025-04-14 19:42:27', '2025-04-16 19:42:27', 600.00),
(2463, 15, 1, '2025-04-15 19:42:27', '2025-04-17 19:42:27', 600.00),
(2464, 15, 1, '2025-04-16 19:42:27', '2025-04-18 19:42:27', 600.00),
(2465, 15, 1, '2025-04-17 19:42:27', '2025-04-19 19:42:27', 600.00),
(2466, 15, 1, '2025-04-18 19:42:27', '2025-04-20 19:42:27', 600.00),
(2467, 15, 1, '2025-04-19 19:42:27', '2025-04-21 19:42:27', 600.00),
(2468, 15, 1, '2025-04-20 19:42:27', '2025-04-22 19:42:27', 600.00),
(2469, 15, 1, '2025-04-21 19:42:27', '2025-04-23 19:42:27', 600.00),
(2470, 15, 1, '2025-04-22 19:42:27', '2025-04-24 19:42:27', 600.00),
(2471, 15, 1, '2025-04-23 19:42:27', '2025-04-25 19:42:27', 600.00),
(2472, 15, 1, '2025-04-24 19:42:27', '2025-04-26 19:42:27', 600.00),
(2473, 15, 1, '2025-04-25 19:42:27', '2025-04-27 19:42:27', 600.00),
(2474, 15, 1, '2025-04-26 19:42:27', '2025-04-28 19:42:27', 600.00),
(2475, 15, 1, '2025-04-27 19:42:27', '2025-04-29 19:42:27', 600.00),
(2476, 15, 1, '2025-04-28 19:42:27', '2025-04-30 19:42:27', 600.00),
(2477, 15, 1, '2025-04-29 19:42:27', '2025-05-01 19:42:27', 600.00),
(2478, 15, 1, '2025-04-30 19:42:27', '2025-05-02 19:42:27', 600.00),
(2479, 15, 1, '2025-05-01 19:42:27', '2025-05-03 19:42:27', 600.00),
(2480, 15, 1, '2025-05-02 19:42:27', '2025-05-04 19:42:27', 600.00),
(2481, 15, 1, '2025-05-03 19:42:27', '2025-05-05 19:42:27', 600.00),
(2482, 15, 1, '2025-05-04 19:42:27', '2025-05-06 19:42:27', 600.00),
(2483, 15, 1, '2025-05-05 19:42:27', '2025-05-07 19:42:27', 600.00),
(2484, 15, 1, '2025-05-06 19:42:27', '2025-05-08 19:42:27', 600.00),
(2485, 15, 1, '2025-05-07 19:42:27', '2025-05-09 19:42:27', 600.00),
(2486, 16, 1, '2025-03-07 19:42:27', '2025-03-09 19:42:27', 600.00),
(2487, 16, 1, '2025-03-08 19:42:27', '2025-03-10 19:42:27', 600.00),
(2488, 16, 1, '2025-03-09 19:42:27', '2025-03-11 19:42:27', 600.00),
(2489, 16, 1, '2025-03-10 19:42:27', '2025-03-12 19:42:27', 600.00),
(2490, 16, 1, '2025-03-11 19:42:27', '2025-03-13 19:42:27', 600.00),
(2491, 16, 1, '2025-03-12 19:42:27', '2025-03-14 19:42:27', 600.00),
(2492, 16, 1, '2025-03-13 19:42:27', '2025-03-15 19:42:27', 600.00),
(2493, 16, 1, '2025-03-14 19:42:27', '2025-03-16 19:42:27', 600.00),
(2494, 16, 1, '2025-03-15 19:42:27', '2025-03-17 19:42:27', 600.00),
(2495, 16, 1, '2025-03-16 19:42:27', '2025-03-18 19:42:27', 600.00),
(2496, 16, 1, '2025-03-17 19:42:27', '2025-03-19 19:42:27', 600.00),
(2497, 16, 1, '2025-03-18 19:42:27', '2025-03-20 19:42:27', 600.00),
(2498, 16, 1, '2025-03-19 19:42:27', '2025-03-21 19:42:27', 600.00),
(2499, 16, 1, '2025-03-20 19:42:27', '2025-03-22 19:42:27', 600.00),
(2500, 16, 1, '2025-03-21 19:42:27', '2025-03-23 19:42:27', 600.00),
(2501, 16, 1, '2025-03-22 19:42:27', '2025-03-24 19:42:27', 600.00),
(2502, 16, 1, '2025-03-23 19:42:27', '2025-03-25 19:42:27', 600.00),
(2503, 16, 1, '2025-03-24 19:42:27', '2025-03-26 19:42:27', 600.00),
(2504, 16, 1, '2025-03-25 19:42:27', '2025-03-27 19:42:27', 600.00),
(2505, 16, 1, '2025-03-26 19:42:27', '2025-03-28 19:42:27', 600.00),
(2506, 16, 1, '2025-03-27 19:42:27', '2025-03-29 19:42:27', 600.00),
(2507, 16, 1, '2025-03-28 19:42:27', '2025-03-30 19:42:27', 600.00),
(2508, 16, 1, '2025-03-29 19:42:27', '2025-03-31 19:42:27', 600.00),
(2509, 16, 1, '2025-03-30 19:42:27', '2025-04-01 19:42:27', 600.00),
(2510, 16, 1, '2025-03-31 19:42:27', '2025-04-02 19:42:27', 600.00),
(2511, 16, 1, '2025-04-01 19:42:27', '2025-04-03 19:42:27', 600.00),
(2512, 16, 1, '2025-04-02 19:42:27', '2025-04-04 19:42:27', 600.00),
(2513, 16, 1, '2025-04-03 19:42:27', '2025-04-05 19:42:27', 600.00),
(2514, 16, 1, '2025-04-04 19:42:27', '2025-04-06 19:42:27', 600.00),
(2515, 16, 1, '2025-04-05 19:42:27', '2025-04-07 19:42:27', 600.00),
(2516, 16, 1, '2025-04-06 19:42:27', '2025-04-08 19:42:27', 600.00),
(2517, 16, 1, '2025-04-07 19:42:27', '2025-04-09 19:42:27', 600.00),
(2518, 16, 1, '2025-04-08 19:42:27', '2025-04-10 19:42:27', 600.00),
(2519, 16, 1, '2025-04-09 19:42:27', '2025-04-11 19:42:27', 600.00),
(2520, 16, 1, '2025-04-10 19:42:27', '2025-04-12 19:42:27', 600.00),
(2521, 16, 1, '2025-04-11 19:42:27', '2025-04-13 19:42:27', 600.00),
(2522, 16, 1, '2025-04-12 19:42:27', '2025-04-14 19:42:27', 600.00),
(2523, 16, 1, '2025-04-13 19:42:27', '2025-04-15 19:42:27', 600.00),
(2524, 16, 1, '2025-04-14 19:42:27', '2025-04-16 19:42:27', 600.00),
(2525, 16, 1, '2025-04-15 19:42:27', '2025-04-17 19:42:27', 600.00),
(2526, 16, 1, '2025-04-16 19:42:27', '2025-04-18 19:42:27', 600.00),
(2527, 16, 1, '2025-04-17 19:42:27', '2025-04-19 19:42:27', 600.00),
(2528, 16, 1, '2025-04-18 19:42:27', '2025-04-20 19:42:27', 600.00),
(2529, 16, 1, '2025-04-19 19:42:27', '2025-04-21 19:42:27', 600.00),
(2530, 16, 1, '2025-04-20 19:42:27', '2025-04-22 19:42:27', 600.00),
(2531, 16, 1, '2025-04-21 19:42:27', '2025-04-23 19:42:27', 600.00),
(2532, 16, 1, '2025-04-22 19:42:27', '2025-04-24 19:42:27', 600.00),
(2533, 16, 1, '2025-04-23 19:42:27', '2025-04-25 19:42:27', 600.00),
(2534, 16, 1, '2025-04-24 19:42:27', '2025-04-26 19:42:27', 600.00),
(2535, 16, 1, '2025-04-25 19:42:27', '2025-04-27 19:42:27', 600.00),
(2536, 16, 1, '2025-04-26 19:42:27', '2025-04-28 19:42:27', 600.00),
(2537, 16, 1, '2025-04-27 19:42:27', '2025-04-29 19:42:27', 600.00),
(2538, 16, 1, '2025-04-28 19:42:27', '2025-04-30 19:42:27', 600.00),
(2539, 16, 1, '2025-04-29 19:42:27', '2025-05-01 19:42:27', 600.00),
(2540, 16, 1, '2025-04-30 19:42:27', '2025-05-02 19:42:27', 600.00),
(2541, 16, 1, '2025-05-01 19:42:27', '2025-05-03 19:42:27', 600.00),
(2542, 16, 1, '2025-05-02 19:42:27', '2025-05-04 19:42:27', 600.00),
(2543, 16, 1, '2025-05-03 19:42:27', '2025-05-05 19:42:27', 600.00),
(2544, 16, 1, '2025-05-04 19:42:27', '2025-05-06 19:42:27', 600.00),
(2545, 16, 1, '2025-05-05 19:42:27', '2025-05-07 19:42:27', 600.00),
(2546, 16, 1, '2025-05-06 19:42:27', '2025-05-08 19:42:27', 600.00),
(2547, 16, 1, '2025-05-07 19:42:27', '2025-05-09 19:42:27', 600.00),
(2548, 17, 1, '2025-03-07 19:42:27', '2025-03-09 19:42:27', 600.00),
(2549, 17, 1, '2025-03-08 19:42:27', '2025-03-10 19:42:27', 600.00),
(2550, 17, 1, '2025-03-09 19:42:27', '2025-03-11 19:42:27', 600.00),
(2551, 17, 1, '2025-03-10 19:42:27', '2025-03-12 19:42:27', 600.00),
(2552, 17, 1, '2025-03-11 19:42:27', '2025-03-13 19:42:27', 600.00),
(2553, 17, 1, '2025-03-12 19:42:27', '2025-03-14 19:42:27', 600.00),
(2554, 17, 1, '2025-03-13 19:42:27', '2025-03-15 19:42:27', 600.00),
(2555, 17, 1, '2025-03-14 19:42:27', '2025-03-16 19:42:27', 600.00),
(2556, 17, 1, '2025-03-15 19:42:27', '2025-03-17 19:42:27', 600.00),
(2557, 17, 1, '2025-03-16 19:42:27', '2025-03-18 19:42:27', 600.00),
(2558, 17, 1, '2025-03-17 19:42:27', '2025-03-19 19:42:27', 600.00),
(2559, 17, 1, '2025-03-18 19:42:27', '2025-03-20 19:42:27', 600.00),
(2560, 17, 1, '2025-03-19 19:42:27', '2025-03-21 19:42:27', 600.00),
(2561, 17, 1, '2025-03-20 19:42:27', '2025-03-22 19:42:27', 600.00),
(2562, 17, 1, '2025-03-21 19:42:27', '2025-03-23 19:42:27', 600.00),
(2563, 17, 1, '2025-03-22 19:42:27', '2025-03-24 19:42:27', 600.00),
(2564, 17, 1, '2025-03-23 19:42:27', '2025-03-25 19:42:27', 600.00),
(2565, 17, 1, '2025-03-24 19:42:27', '2025-03-26 19:42:27', 600.00),
(2566, 17, 1, '2025-03-25 19:42:27', '2025-03-27 19:42:27', 600.00),
(2567, 17, 1, '2025-03-26 19:42:27', '2025-03-28 19:42:27', 600.00),
(2568, 17, 1, '2025-03-27 19:42:27', '2025-03-29 19:42:27', 600.00),
(2569, 17, 1, '2025-03-28 19:42:27', '2025-03-30 19:42:27', 600.00),
(2570, 17, 1, '2025-03-29 19:42:27', '2025-03-31 19:42:27', 600.00),
(2571, 17, 1, '2025-03-30 19:42:27', '2025-04-01 19:42:27', 600.00),
(2572, 17, 1, '2025-03-31 19:42:27', '2025-04-02 19:42:27', 600.00),
(2573, 17, 1, '2025-04-01 19:42:27', '2025-04-03 19:42:27', 600.00),
(2574, 17, 1, '2025-04-02 19:42:27', '2025-04-04 19:42:27', 600.00),
(2575, 17, 1, '2025-04-03 19:42:27', '2025-04-05 19:42:27', 600.00),
(2576, 17, 1, '2025-04-04 19:42:27', '2025-04-06 19:42:27', 600.00),
(2577, 17, 1, '2025-04-05 19:42:27', '2025-04-07 19:42:27', 600.00),
(2578, 17, 1, '2025-04-06 19:42:27', '2025-04-08 19:42:27', 600.00),
(2579, 17, 1, '2025-04-07 19:42:27', '2025-04-09 19:42:27', 600.00),
(2580, 17, 1, '2025-04-08 19:42:27', '2025-04-10 19:42:27', 600.00),
(2581, 17, 1, '2025-04-09 19:42:27', '2025-04-11 19:42:27', 600.00),
(2582, 17, 1, '2025-04-10 19:42:27', '2025-04-12 19:42:27', 600.00),
(2583, 17, 1, '2025-04-11 19:42:27', '2025-04-13 19:42:27', 600.00),
(2584, 17, 1, '2025-04-12 19:42:27', '2025-04-14 19:42:27', 600.00),
(2585, 17, 1, '2025-04-13 19:42:27', '2025-04-15 19:42:27', 600.00),
(2586, 17, 1, '2025-04-14 19:42:27', '2025-04-16 19:42:27', 600.00),
(2587, 17, 1, '2025-04-15 19:42:27', '2025-04-17 19:42:27', 600.00),
(2588, 17, 1, '2025-04-16 19:42:27', '2025-04-18 19:42:27', 600.00),
(2589, 17, 1, '2025-04-17 19:42:27', '2025-04-19 19:42:27', 600.00),
(2590, 17, 1, '2025-04-18 19:42:27', '2025-04-20 19:42:27', 600.00),
(2591, 17, 1, '2025-04-19 19:42:27', '2025-04-21 19:42:27', 600.00),
(2592, 17, 1, '2025-04-20 19:42:27', '2025-04-22 19:42:27', 600.00),
(2593, 17, 1, '2025-04-21 19:42:27', '2025-04-23 19:42:27', 600.00),
(2594, 17, 1, '2025-04-22 19:42:27', '2025-04-24 19:42:27', 600.00),
(2595, 17, 1, '2025-04-23 19:42:27', '2025-04-25 19:42:27', 600.00),
(2596, 17, 1, '2025-04-24 19:42:27', '2025-04-26 19:42:27', 600.00),
(2597, 17, 1, '2025-04-25 19:42:27', '2025-04-27 19:42:27', 600.00),
(2598, 17, 1, '2025-04-26 19:42:27', '2025-04-28 19:42:27', 600.00),
(2599, 17, 1, '2025-04-27 19:42:27', '2025-04-29 19:42:27', 600.00),
(2600, 17, 1, '2025-04-28 19:42:27', '2025-04-30 19:42:27', 600.00),
(2601, 17, 1, '2025-04-29 19:42:27', '2025-05-01 19:42:27', 600.00),
(2602, 17, 1, '2025-04-30 19:42:27', '2025-05-02 19:42:27', 600.00),
(2603, 17, 1, '2025-05-01 19:42:27', '2025-05-03 19:42:27', 600.00),
(2604, 17, 1, '2025-05-02 19:42:27', '2025-05-04 19:42:27', 600.00),
(2605, 17, 1, '2025-05-03 19:42:27', '2025-05-05 19:42:27', 600.00),
(2606, 17, 1, '2025-05-04 19:42:27', '2025-05-06 19:42:27', 600.00),
(2607, 17, 1, '2025-05-05 19:42:27', '2025-05-07 19:42:27', 600.00),
(2608, 17, 1, '2025-05-06 19:42:27', '2025-05-08 19:42:27', 600.00),
(2609, 17, 1, '2025-05-07 19:42:27', '2025-05-09 19:42:27', 600.00),
(2610, 18, 1, '2025-03-07 19:42:27', '2025-03-09 19:42:27', 600.00),
(2611, 18, 1, '2025-03-08 19:42:27', '2025-03-10 19:42:27', 600.00),
(2612, 18, 1, '2025-03-09 19:42:27', '2025-03-11 19:42:27', 600.00),
(2613, 18, 1, '2025-03-10 19:42:27', '2025-03-12 19:42:27', 600.00),
(2614, 18, 1, '2025-03-11 19:42:27', '2025-03-13 19:42:27', 600.00),
(2615, 18, 1, '2025-03-12 19:42:27', '2025-03-14 19:42:27', 600.00),
(2616, 18, 1, '2025-03-13 19:42:27', '2025-03-15 19:42:27', 600.00),
(2617, 18, 1, '2025-03-14 19:42:27', '2025-03-16 19:42:27', 600.00),
(2618, 18, 1, '2025-03-15 19:42:27', '2025-03-17 19:42:27', 600.00),
(2619, 18, 1, '2025-03-16 19:42:27', '2025-03-18 19:42:27', 600.00),
(2620, 18, 1, '2025-03-17 19:42:27', '2025-03-19 19:42:27', 600.00),
(2621, 18, 1, '2025-03-18 19:42:27', '2025-03-20 19:42:27', 600.00),
(2622, 18, 1, '2025-03-19 19:42:27', '2025-03-21 19:42:27', 600.00),
(2623, 18, 1, '2025-03-20 19:42:27', '2025-03-22 19:42:27', 600.00),
(2624, 18, 1, '2025-03-21 19:42:27', '2025-03-23 19:42:27', 600.00),
(2625, 18, 1, '2025-03-22 19:42:27', '2025-03-24 19:42:27', 600.00),
(2626, 18, 1, '2025-03-23 19:42:27', '2025-03-25 19:42:27', 600.00),
(2627, 18, 1, '2025-03-24 19:42:27', '2025-03-26 19:42:27', 600.00),
(2628, 18, 1, '2025-03-25 19:42:27', '2025-03-27 19:42:27', 600.00),
(2629, 18, 1, '2025-03-26 19:42:27', '2025-03-28 19:42:27', 600.00),
(2630, 18, 1, '2025-03-27 19:42:27', '2025-03-29 19:42:27', 600.00),
(2631, 18, 1, '2025-03-28 19:42:27', '2025-03-30 19:42:27', 600.00),
(2632, 18, 1, '2025-03-29 19:42:27', '2025-03-31 19:42:27', 600.00),
(2633, 18, 1, '2025-03-30 19:42:27', '2025-04-01 19:42:27', 600.00),
(2634, 18, 1, '2025-03-31 19:42:27', '2025-04-02 19:42:27', 600.00),
(2635, 18, 1, '2025-04-01 19:42:27', '2025-04-03 19:42:27', 600.00),
(2636, 18, 1, '2025-04-02 19:42:27', '2025-04-04 19:42:27', 600.00),
(2637, 18, 1, '2025-04-03 19:42:27', '2025-04-05 19:42:27', 600.00),
(2638, 18, 1, '2025-04-04 19:42:27', '2025-04-06 19:42:27', 600.00),
(2639, 18, 1, '2025-04-05 19:42:27', '2025-04-07 19:42:27', 600.00),
(2640, 18, 1, '2025-04-06 19:42:27', '2025-04-08 19:42:27', 600.00),
(2641, 18, 1, '2025-04-07 19:42:27', '2025-04-09 19:42:27', 600.00),
(2642, 18, 1, '2025-04-08 19:42:27', '2025-04-10 19:42:27', 600.00),
(2643, 18, 1, '2025-04-09 19:42:27', '2025-04-11 19:42:27', 600.00),
(2644, 18, 1, '2025-04-10 19:42:27', '2025-04-12 19:42:27', 600.00),
(2645, 18, 1, '2025-04-11 19:42:27', '2025-04-13 19:42:27', 600.00),
(2646, 18, 1, '2025-04-12 19:42:27', '2025-04-14 19:42:27', 600.00),
(2647, 18, 1, '2025-04-13 19:42:27', '2025-04-15 19:42:27', 600.00),
(2648, 18, 1, '2025-04-14 19:42:27', '2025-04-16 19:42:27', 600.00),
(2649, 18, 1, '2025-04-15 19:42:27', '2025-04-17 19:42:27', 600.00),
(2650, 18, 1, '2025-04-16 19:42:27', '2025-04-18 19:42:27', 600.00),
(2651, 18, 1, '2025-04-17 19:42:27', '2025-04-19 19:42:27', 600.00),
(2652, 18, 1, '2025-04-18 19:42:27', '2025-04-20 19:42:27', 600.00),
(2653, 18, 1, '2025-04-19 19:42:27', '2025-04-21 19:42:27', 600.00),
(2654, 18, 1, '2025-04-20 19:42:27', '2025-04-22 19:42:27', 600.00),
(2655, 18, 1, '2025-04-21 19:42:27', '2025-04-23 19:42:27', 600.00),
(2656, 18, 1, '2025-04-22 19:42:27', '2025-04-24 19:42:27', 600.00),
(2657, 18, 1, '2025-04-23 19:42:27', '2025-04-25 19:42:27', 600.00),
(2658, 18, 1, '2025-04-24 19:42:27', '2025-04-26 19:42:27', 600.00),
(2659, 18, 1, '2025-04-25 19:42:27', '2025-04-27 19:42:27', 600.00),
(2660, 18, 1, '2025-04-26 19:42:27', '2025-04-28 19:42:27', 600.00),
(2661, 18, 1, '2025-04-27 19:42:27', '2025-04-29 19:42:27', 600.00),
(2662, 18, 1, '2025-04-28 19:42:27', '2025-04-30 19:42:27', 600.00),
(2663, 18, 1, '2025-04-29 19:42:27', '2025-05-01 19:42:27', 600.00),
(2664, 18, 1, '2025-04-30 19:42:27', '2025-05-02 19:42:27', 600.00),
(2665, 18, 1, '2025-05-01 19:42:27', '2025-05-03 19:42:27', 600.00),
(2666, 18, 1, '2025-05-02 19:42:27', '2025-05-04 19:42:27', 600.00),
(2667, 18, 1, '2025-05-03 19:42:27', '2025-05-05 19:42:27', 600.00),
(2668, 18, 1, '2025-05-04 19:42:27', '2025-05-06 19:42:27', 600.00),
(2669, 18, 1, '2025-05-05 19:42:27', '2025-05-07 19:42:27', 600.00),
(2670, 18, 1, '2025-05-06 19:42:27', '2025-05-08 19:42:27', 600.00),
(2671, 18, 1, '2025-05-07 19:42:27', '2025-05-09 19:42:27', 600.00),
(2672, 19, 1, '2025-03-07 19:42:27', '2025-03-09 19:42:27', 600.00),
(2673, 19, 1, '2025-03-08 19:42:27', '2025-03-10 19:42:27', 600.00),
(2674, 19, 1, '2025-03-09 19:42:27', '2025-03-11 19:42:27', 600.00),
(2675, 19, 1, '2025-03-10 19:42:27', '2025-03-12 19:42:27', 600.00),
(2676, 19, 1, '2025-03-11 19:42:27', '2025-03-13 19:42:27', 600.00),
(2677, 19, 1, '2025-03-12 19:42:27', '2025-03-14 19:42:27', 600.00),
(2678, 19, 1, '2025-03-13 19:42:27', '2025-03-15 19:42:27', 600.00),
(2679, 19, 1, '2025-03-14 19:42:27', '2025-03-16 19:42:27', 600.00),
(2680, 19, 1, '2025-03-15 19:42:27', '2025-03-17 19:42:27', 600.00),
(2681, 19, 1, '2025-03-16 19:42:27', '2025-03-18 19:42:27', 600.00),
(2682, 19, 1, '2025-03-17 19:42:27', '2025-03-19 19:42:27', 600.00),
(2683, 19, 1, '2025-03-18 19:42:27', '2025-03-20 19:42:27', 600.00),
(2684, 19, 1, '2025-03-19 19:42:27', '2025-03-21 19:42:27', 600.00),
(2685, 19, 1, '2025-03-20 19:42:27', '2025-03-22 19:42:27', 600.00),
(2686, 19, 1, '2025-03-21 19:42:27', '2025-03-23 19:42:27', 600.00),
(2687, 19, 1, '2025-03-22 19:42:27', '2025-03-24 19:42:27', 600.00),
(2688, 19, 1, '2025-03-23 19:42:27', '2025-03-25 19:42:27', 600.00),
(2689, 19, 1, '2025-03-24 19:42:27', '2025-03-26 19:42:27', 600.00),
(2690, 19, 1, '2025-03-25 19:42:27', '2025-03-27 19:42:27', 600.00),
(2691, 19, 1, '2025-03-26 19:42:27', '2025-03-28 19:42:27', 600.00),
(2692, 19, 1, '2025-03-27 19:42:27', '2025-03-29 19:42:27', 600.00),
(2693, 19, 1, '2025-03-28 19:42:27', '2025-03-30 19:42:27', 600.00),
(2694, 19, 1, '2025-03-29 19:42:27', '2025-03-31 19:42:27', 600.00),
(2695, 19, 1, '2025-03-30 19:42:27', '2025-04-01 19:42:27', 600.00),
(2696, 19, 1, '2025-03-31 19:42:27', '2025-04-02 19:42:27', 600.00),
(2697, 19, 1, '2025-04-01 19:42:27', '2025-04-03 19:42:27', 600.00),
(2698, 19, 1, '2025-04-02 19:42:27', '2025-04-04 19:42:27', 600.00),
(2699, 19, 1, '2025-04-03 19:42:27', '2025-04-05 19:42:27', 600.00),
(2700, 19, 1, '2025-04-04 19:42:27', '2025-04-06 19:42:27', 600.00),
(2701, 19, 1, '2025-04-05 19:42:27', '2025-04-07 19:42:27', 600.00),
(2702, 19, 1, '2025-04-06 19:42:27', '2025-04-08 19:42:27', 600.00),
(2703, 19, 1, '2025-04-07 19:42:27', '2025-04-09 19:42:27', 600.00),
(2704, 19, 1, '2025-04-08 19:42:27', '2025-04-10 19:42:27', 600.00),
(2705, 19, 1, '2025-04-09 19:42:27', '2025-04-11 19:42:27', 600.00),
(2706, 19, 1, '2025-04-10 19:42:27', '2025-04-12 19:42:27', 600.00),
(2707, 19, 1, '2025-04-11 19:42:27', '2025-04-13 19:42:27', 600.00),
(2708, 19, 1, '2025-04-12 19:42:27', '2025-04-14 19:42:27', 600.00),
(2709, 19, 1, '2025-04-13 19:42:27', '2025-04-15 19:42:27', 600.00),
(2710, 19, 1, '2025-04-14 19:42:27', '2025-04-16 19:42:27', 600.00),
(2711, 19, 1, '2025-04-15 19:42:27', '2025-04-17 19:42:27', 600.00),
(2712, 19, 1, '2025-04-16 19:42:27', '2025-04-18 19:42:27', 600.00),
(2713, 19, 1, '2025-04-17 19:42:27', '2025-04-19 19:42:27', 600.00),
(2714, 19, 1, '2025-04-18 19:42:27', '2025-04-20 19:42:27', 600.00),
(2715, 19, 1, '2025-04-19 19:42:27', '2025-04-21 19:42:27', 600.00),
(2716, 19, 1, '2025-04-20 19:42:27', '2025-04-22 19:42:27', 600.00),
(2717, 19, 1, '2025-04-21 19:42:27', '2025-04-23 19:42:27', 600.00),
(2718, 19, 1, '2025-04-22 19:42:27', '2025-04-24 19:42:27', 600.00),
(2719, 19, 1, '2025-04-23 19:42:27', '2025-04-25 19:42:27', 600.00),
(2720, 19, 1, '2025-04-24 19:42:27', '2025-04-26 19:42:27', 600.00),
(2721, 19, 1, '2025-04-25 19:42:27', '2025-04-27 19:42:27', 600.00),
(2722, 19, 1, '2025-04-26 19:42:27', '2025-04-28 19:42:27', 600.00),
(2723, 19, 1, '2025-04-27 19:42:27', '2025-04-29 19:42:27', 600.00),
(2724, 19, 1, '2025-04-28 19:42:27', '2025-04-30 19:42:27', 600.00),
(2725, 19, 1, '2025-04-29 19:42:27', '2025-05-01 19:42:27', 600.00),
(2726, 19, 1, '2025-04-30 19:42:27', '2025-05-02 19:42:27', 600.00),
(2727, 19, 1, '2025-05-01 19:42:27', '2025-05-03 19:42:27', 600.00),
(2728, 19, 1, '2025-05-02 19:42:27', '2025-05-04 19:42:27', 600.00),
(2729, 19, 1, '2025-05-03 19:42:27', '2025-05-05 19:42:27', 600.00),
(2730, 19, 1, '2025-05-04 19:42:27', '2025-05-06 19:42:27', 600.00),
(2731, 19, 1, '2025-05-05 19:42:27', '2025-05-07 19:42:27', 600.00),
(2732, 19, 1, '2025-05-06 19:42:27', '2025-05-08 19:42:27', 600.00),
(2733, 19, 1, '2025-05-07 19:42:27', '2025-05-09 19:42:27', 600.00),
(2734, 20, 1, '2025-03-07 19:42:27', '2025-03-09 19:42:27', 600.00),
(2735, 20, 1, '2025-03-08 19:42:27', '2025-03-10 19:42:27', 600.00),
(2736, 20, 1, '2025-03-09 19:42:27', '2025-03-11 19:42:27', 600.00),
(2737, 20, 1, '2025-03-10 19:42:27', '2025-03-12 19:42:27', 600.00),
(2738, 20, 1, '2025-03-11 19:42:27', '2025-03-13 19:42:27', 600.00),
(2739, 20, 1, '2025-03-12 19:42:27', '2025-03-14 19:42:27', 600.00),
(2740, 20, 1, '2025-03-13 19:42:27', '2025-03-15 19:42:27', 600.00),
(2741, 20, 1, '2025-03-14 19:42:27', '2025-03-16 19:42:27', 600.00),
(2742, 20, 1, '2025-03-15 19:42:27', '2025-03-17 19:42:27', 600.00),
(2743, 20, 1, '2025-03-16 19:42:27', '2025-03-18 19:42:27', 600.00),
(2744, 20, 1, '2025-03-17 19:42:27', '2025-03-19 19:42:27', 600.00),
(2745, 20, 1, '2025-03-18 19:42:27', '2025-03-20 19:42:27', 600.00),
(2746, 20, 1, '2025-03-19 19:42:27', '2025-03-21 19:42:27', 600.00),
(2747, 20, 1, '2025-03-20 19:42:27', '2025-03-22 19:42:27', 600.00),
(2748, 20, 1, '2025-03-21 19:42:27', '2025-03-23 19:42:27', 600.00),
(2749, 20, 1, '2025-03-22 19:42:27', '2025-03-24 19:42:27', 600.00),
(2750, 20, 1, '2025-03-23 19:42:27', '2025-03-25 19:42:27', 600.00),
(2751, 20, 1, '2025-03-24 19:42:27', '2025-03-26 19:42:27', 600.00),
(2752, 20, 1, '2025-03-25 19:42:27', '2025-03-27 19:42:27', 600.00),
(2753, 20, 1, '2025-03-26 19:42:27', '2025-03-28 19:42:27', 600.00),
(2754, 20, 1, '2025-03-27 19:42:27', '2025-03-29 19:42:27', 600.00),
(2755, 20, 1, '2025-03-28 19:42:27', '2025-03-30 19:42:27', 600.00),
(2756, 20, 1, '2025-03-29 19:42:27', '2025-03-31 19:42:27', 600.00),
(2757, 20, 1, '2025-03-30 19:42:27', '2025-04-01 19:42:27', 600.00),
(2758, 20, 1, '2025-03-31 19:42:27', '2025-04-02 19:42:27', 600.00),
(2759, 20, 1, '2025-04-01 19:42:27', '2025-04-03 19:42:27', 600.00),
(2760, 20, 1, '2025-04-02 19:42:27', '2025-04-04 19:42:27', 600.00),
(2761, 20, 1, '2025-04-03 19:42:27', '2025-04-05 19:42:27', 600.00),
(2762, 20, 1, '2025-04-04 19:42:27', '2025-04-06 19:42:27', 600.00),
(2763, 20, 1, '2025-04-05 19:42:27', '2025-04-07 19:42:27', 600.00),
(2764, 20, 1, '2025-04-06 19:42:27', '2025-04-08 19:42:27', 600.00),
(2765, 20, 1, '2025-04-07 19:42:27', '2025-04-09 19:42:27', 600.00),
(2766, 20, 1, '2025-04-08 19:42:27', '2025-04-10 19:42:27', 600.00),
(2767, 20, 1, '2025-04-09 19:42:27', '2025-04-11 19:42:27', 600.00),
(2768, 20, 1, '2025-04-10 19:42:27', '2025-04-12 19:42:27', 600.00),
(2769, 20, 1, '2025-04-11 19:42:27', '2025-04-13 19:42:27', 600.00),
(2770, 20, 1, '2025-04-12 19:42:27', '2025-04-14 19:42:27', 600.00),
(2771, 20, 1, '2025-04-13 19:42:27', '2025-04-15 19:42:27', 600.00),
(2772, 20, 1, '2025-04-14 19:42:27', '2025-04-16 19:42:27', 600.00),
(2773, 20, 1, '2025-04-15 19:42:27', '2025-04-17 19:42:27', 600.00),
(2774, 20, 1, '2025-04-16 19:42:27', '2025-04-18 19:42:27', 600.00),
(2775, 20, 1, '2025-04-17 19:42:27', '2025-04-19 19:42:27', 600.00),
(2776, 20, 1, '2025-04-18 19:42:27', '2025-04-20 19:42:27', 600.00),
(2777, 20, 1, '2025-04-19 19:42:27', '2025-04-21 19:42:27', 600.00),
(2778, 20, 1, '2025-04-20 19:42:27', '2025-04-22 19:42:27', 600.00),
(2779, 20, 1, '2025-04-21 19:42:27', '2025-04-23 19:42:27', 600.00),
(2780, 20, 1, '2025-04-22 19:42:27', '2025-04-24 19:42:27', 600.00),
(2781, 20, 1, '2025-04-23 19:42:27', '2025-04-25 19:42:27', 600.00),
(2782, 20, 1, '2025-04-24 19:42:27', '2025-04-26 19:42:27', 600.00),
(2783, 20, 1, '2025-04-25 19:42:27', '2025-04-27 19:42:27', 600.00),
(2784, 20, 1, '2025-04-26 19:42:27', '2025-04-28 19:42:27', 600.00),
(2785, 20, 1, '2025-04-27 19:42:27', '2025-04-29 19:42:27', 600.00),
(2786, 20, 1, '2025-04-28 19:42:27', '2025-04-30 19:42:27', 600.00),
(2787, 20, 1, '2025-04-29 19:42:27', '2025-05-01 19:42:27', 600.00),
(2788, 20, 1, '2025-04-30 19:42:27', '2025-05-02 19:42:27', 600.00),
(2789, 20, 1, '2025-05-01 19:42:27', '2025-05-03 19:42:27', 600.00),
(2790, 20, 1, '2025-05-02 19:42:27', '2025-05-04 19:42:27', 600.00),
(2791, 20, 1, '2025-05-03 19:42:27', '2025-05-05 19:42:27', 600.00),
(2792, 20, 1, '2025-05-04 19:42:27', '2025-05-06 19:42:27', 600.00),
(2793, 20, 1, '2025-05-05 19:42:27', '2025-05-07 19:42:27', 600.00),
(2794, 20, 1, '2025-05-06 19:42:27', '2025-05-08 19:42:27', 600.00),
(2795, 20, 1, '2025-05-07 19:42:27', '2025-05-09 19:42:27', 600.00);

--
-- Índices para tablas volcadas
--

--
-- Indices de la tabla `autobuses`
--
ALTER TABLE `autobuses`
  ADD PRIMARY KEY (`id`);

--
-- Indices de la tabla `ciudades`
--
ALTER TABLE `ciudades`
  ADD PRIMARY KEY (`id`);

--
-- Indices de la tabla `comprador`
--
ALTER TABLE `comprador`
  ADD PRIMARY KEY (`IdCom`);

--
-- Indices de la tabla `rutas`
--
ALTER TABLE `rutas`
  ADD PRIMARY KEY (`id`),
  ADD KEY `origen_id` (`origen_id`),
  ADD KEY `destino_id` (`destino_id`);

--
-- Indices de la tabla `usuario`
--
ALTER TABLE `usuario`
  ADD PRIMARY KEY (`IdUser`);

--
-- Indices de la tabla `viajes`
--
ALTER TABLE `viajes`
  ADD PRIMARY KEY (`id`),
  ADD KEY `ruta_id` (`ruta_id`),
  ADD KEY `autobus_id` (`autobus_id`);

--
-- AUTO_INCREMENT de las tablas volcadas
--

--
-- AUTO_INCREMENT de la tabla `autobuses`
--
ALTER TABLE `autobuses`
  MODIFY `id` int(11) NOT NULL AUTO_INCREMENT, AUTO_INCREMENT=6;

--
-- AUTO_INCREMENT de la tabla `ciudades`
--
ALTER TABLE `ciudades`
  MODIFY `id` int(11) NOT NULL AUTO_INCREMENT, AUTO_INCREMENT=6;

--
-- AUTO_INCREMENT de la tabla `comprador`
--
ALTER TABLE `comprador`
  MODIFY `IdCom` int(11) UNSIGNED NOT NULL AUTO_INCREMENT, AUTO_INCREMENT=6;

--
-- AUTO_INCREMENT de la tabla `rutas`
--
ALTER TABLE `rutas`
  MODIFY `id` int(11) NOT NULL AUTO_INCREMENT, AUTO_INCREMENT=21;

--
-- AUTO_INCREMENT de la tabla `usuario`
--
ALTER TABLE `usuario`
  MODIFY `IdUser` int(11) UNSIGNED NOT NULL AUTO_INCREMENT, AUTO_INCREMENT=2;

--
-- AUTO_INCREMENT de la tabla `viajes`
--
ALTER TABLE `viajes`
  MODIFY `id` int(11) NOT NULL AUTO_INCREMENT, AUTO_INCREMENT=2796;

--
-- Restricciones para tablas volcadas
--

--
-- Filtros para la tabla `rutas`
--
ALTER TABLE `rutas`
  ADD CONSTRAINT `rutas_ibfk_1` FOREIGN KEY (`origen_id`) REFERENCES `ciudades` (`id`),
  ADD CONSTRAINT `rutas_ibfk_2` FOREIGN KEY (`destino_id`) REFERENCES `ciudades` (`id`);

--
-- Filtros para la tabla `viajes`
--
ALTER TABLE `viajes`
  ADD CONSTRAINT `viajes_ibfk_1` FOREIGN KEY (`ruta_id`) REFERENCES `rutas` (`id`),
  ADD CONSTRAINT `viajes_ibfk_2` FOREIGN KEY (`autobus_id`) REFERENCES `autobuses` (`id`);
COMMIT;

/*!40101 SET CHARACTER_SET_CLIENT=@OLD_CHARACTER_SET_CLIENT */;
/*!40101 SET CHARACTER_SET_RESULTS=@OLD_CHARACTER_SET_RESULTS */;
/*!40101 SET COLLATION_CONNECTION=@OLD_COLLATION_CONNECTION */;
